캠퍼스,캠퍼스위치,학과명,전공직종,전공계열구분,과정구분,기간(개월),주간야간구분,전공설명,전공성향
신기술,전북 전주시,스마트전기에너지과,EMS/ESS직종,전기계열,하이테크과정,10,주간,"태양광·풍력 등 신재생 에너지의 효율적인 관리와 저장 시스템(BMS, PCS 등)을 설계하고 유지보수하는 미래 에너지 제어 전문가 양성 과정입니다",정밀함/통찰력/실천력
신기술,전북 전주시,스마트자동화과,스마트팩토리직종,자동화계열,하이테크과정,10,주간,제조 현장의 모든 설비에 정보통신기술(ICT)을 접목하여 실시간 제어와 지능형 공정 자동화를 구축·운영하는 융합 기술 전문가 양성 과정입니다.,융합성/최적화/현장감
신기술,전북 전주시,스마트자동화과,전기설비제어직종(s),자동화계열,하이테크과정,6,주간,"전력 공급을 위한 수변전 설비부터 내선 공사, 자동 제어 시스템(PLC)까지 전기 에너지를 안전하고 효율적으로 운용하는 실무 기술 전문가 양성 과정입니다.",안정성/논리력/응용력
서울정수,서울 용산구,그린에너지설비과,그린공조냉동설비전공,정보없음,2년제학위과정,12,주간,"친환경 에너지를 활용하여 쾌적한 실내 환경을 조성하는 냉난방 시스템과 산업용 냉동 장치를 설계, 시공 및 유지관리하는 에너지 제어 전문가 양성 과정입니다.",세밀함/책임감/기술적 유연성
서울정수,서울 용산구,그린에너지설비과,신재생에너지설비전공,정보없음,2년제학위과정,12,주간,"태양광·풍력·지열 등 자연 에너지를 효율적으로 전기 및 열에너지로 변환하는 설비를 설계, 시공 및 유지보수하는 실무 중심의 기술 전공입니다.",문제해결력/환경친화성/기술융합력
서울정수,서울 용산구,메카트로닉스과,PC기반모션제어전공,자동화계열,2년제학위과정,12,주간,산업용 PC와 PLC를 활용하여 반도체 장비나 로봇의 정밀한 움직임을 구현하는 제어 프로그래밍 및 자동화 시스템 구축 기술을 배우는 전공입니다.,정밀함/논리력/현장성
서울정수,서울 용산구,메카트로닉스과,PLC제어전공,자동화계열,2년제학위과정,12,주간,산업 현장의 자동화 라인을 가동하기 위해 컴퓨터 프로그래밍(PLC)으로 기계 장치의 동작 순서와 흐름을 제어하는 자동화 시스템 구축 기술을 배우는 전공입니다.,인과관계/집중력/응용력
서울정수,서울 용산구,메카트로닉스과,로봇시스템전공,자동화계열,2년제학위과정,12,주간,"산업용 로봇과 협동 로봇의 기구부 설계부터 제어 소프트웨어 개발 및 유지보수까지, 로봇 자동화 공정 전반을 아우르는 기술을 배우는 전공입니다.",공간지각력/창의성/협동심
서울정수,서울 용산구,시각디자인과,디지털디자인전공,디자인계열,2년제학위과정,12,주간,"사용자 경험(UX/UI)을 바탕으로 웹, 모바일, 영상 등 다양한 디지털 매체에 필요한 시각 콘텐츠를 기획하고 제작하는 기술을 배우는 전공입니다.",공감능력/미적감각/유연성
서울정수,서울 용산구,시각디자인과,비주얼디자인전공,디자인계열,2년제학위과정,12,주간,"그래픽 디자인의 기본 원리를 바탕으로 광고, 브랜딩, 패키지, 출판 등 정보를 시각화하여 메시지를 효과적으로 전달하는 인쇄 및 영상 매체 디자인을 배우는 전공입니다.",표현력/디테일/전달력
서울정수,서울 용산구,스마트정보통신과,IoT활용전공,정보통신IT계열,2년제학위과정,12,주간,"사물에 센서와 통신 기능을 결합하여 데이터를 수집하고, 이를 제어하는 임베디드 시스템 및 네트워크 소프트웨어를 구축하는 기술을 배우는 전공입니다.",연결성/호기심/실용성
서울정수,서울 용산구,스마트정보통신과,IT융합전공,정보통신IT계열,2년제학위과정,12,주간,"전통적인 산업 기술에 AI, 빅데이터, 클라우드 등 최신 소프트웨어 기술을 접목하여 시너지를 내는 차세대 지능형 시스템 개발 기술을 배우는 전공입니다.",다각화/적응력/통찰력
서울정수,서울 용산구,스마트정보통신과,지능형네트워크전공,정보통신IT계열,2년제학위과정,12,주간,클라우드 가상화와 AI 기술을 네트워크 인프라에 접목하여 데이터 전송 경로를 최적화하고 지능적으로 시스템을 관리·보안하는 기술을 배우는 전공입니다.,논리력/보안성/안정성
서울정수,서울 용산구,산업디자인과,제품정보디자인전공,디자인계열,2년제학위과정,12,주간,제품의 외형적인 미적 디자인뿐만 아니라 사용자의 이용 행태를 분석하여 제품에 담긴 정보를 효과적으로 전달하는 시각 및 산업 디자인 기술을 배우는 전공입니다.,분석력/조화/실용성
서울정수,서울 용산구,산업디자인과,제품개발디자인전공,디자인계열,2년제학위과정,12,주간,"아이디어 구상부터 3D 모델링, 시제품 제작까지의 과정을 거쳐 실생활에 필요한 제품의 외형과 구조를 창의적으로 설계하고 개발하는 기술을 배우는 전공입니다.",입체감/관찰력/실행력
서울정수,서울 용산구,자동차과,자동차시스템정비전공,자동차계열,2년제학위과정,12,야간,"친환경 자동차와 자율주행 기술 등 첨단화된 자동차의 구조를 이해하고, 첨단 장비를 활용하여 차량의 고장을 진단·수리 및 유지보수하는 기술을 배우는 전공입니다.",탐구심/책임감/적응력
서울정수,서울 용산구,자동차과,자동차시스템정비전공,자동차계열,2년제학위과정,12,주간,"친환경 자동차와 자율주행 기술 등 첨단화된 자동차의 구조를 이해하고, 첨단 장비를 활용하여 차량의 고장을 진단·수리 및 유지보수하는 기술을 배우는 전공입니다.",탐구심/책임감/적응력
서울정수,서울 용산구,자동차과,자동차차체전공,자동차계열,2년제학위과정,12,주간,"사고나 충격으로 손상된 자동차의 프레임과 외판을 복원하기 위해 차체 교정, 용접, 판금 및 도장 기술을 활용하여 차량을 본래의 상태로 복원하는 기술을 배우는 전공입니다.",정교함/복원력/공간감
서울정수,서울 용산구,전기과,전기직종,전기계열,기능장,12,야간,"가정 및 산업 현장의 모든 에너지원인 전기를 안전하게 공급하기 위해 전기 설비를 설계, 시공하고 운영 및 유지보수하는 필수 기간 산업 기술을 배우는 전공입니다.",원칙/꼼꼼함/책임감
서울정수,서울 용산구,전기과,신재생에너지전공,전기계열,2년제학위과정,12,주간,"태양광, 풍력, 수소 등 화석 연료를 대체할 지속 가능한 에너지를 생산하고 이를 효율적으로 저장·관리하는 시스템의 설계와 운영 기술을 배우는 전공입니다.",미래지향/논리력/현장실무
서울정수,서울 용산구,전기과,전력운영시스템전공,전기계열,2년제학위과정,12,주간,"발전소에서 만든 전기가 수용가까지 안전하게 전달되도록 전력 계통을 모니터링하고, 변전 및 배전 설비의 지능형 운영 시스템을 관리하는 기술을 배우는 전공입니다.",판단력/치밀함/사명감
서울정수,서울 용산구,전기과,IT융합전기설비시공관리직종,전기계열,신중년특화과정,6,주간,"전통적인 전기 시공 기술에 IT 모니터링 및 자동 제어 시스템을 결합하여, 스마트 빌딩이나 공장의 전기 설비를 효율적으로 구축하고 현장을 총괄 관리하는 기술을 배우는 전공입니다.",리더십/복합사고/철저함
서울정수,서울 용산구,컴퓨터응용기계과,초정밀금형가공전공,기계계열,2년제학위과정,12,주간,"반도체, 모바일, 자동차 부품 등 정밀 제품을 대량 생산하기 위해 필요한 금속 틀(금형)을 초정밀 공작기계와 소프트웨어를 활용하여 설계하고 제작하는 기술을 배우는 전공입니다.",완벽주의/인내심/공간지각력
서울정수,서울 용산구,컴퓨터응용기계과,초정밀부품가공전공,기계계열,2년제학위과정,12,주간,"첨단 산업의 핵심인 반도체, 항공우주, 의료기기에 사용되는 고부가가치 부품을 생산하기 위해 CNC 공작기계와 정밀 측정 장비를 활용한 가공 기술을 배우는 전공입니다.",치밀함/기술탐구/집중력
서울정수,서울 용산구,컴퓨터응용기계설계과,기계설계전공,기계설계계열,2년제학위과정,12,주간,"컴퓨터를 활용한 CAD/CAM 시스템을 통해 기계 부품을 정밀하게 설계하고, 가공 데이터 생성을 통해 실제 제품 제작으로 이어지는 일련의 공학적 프로세스를 배우는 전공입니다.",공간지각력/논리력/집중력
서울정수,서울 용산구,컴퓨터응용기계설계과,기구설계전공,기계설계계열,2년제학위과정,12,주간,"제품의 내부 메커니즘과 외형 구조가 원활하게 작동하도록 각종 부품을 배치하고, 재료의 특성을 고려하여 실제 양산 가능한 형태로 설계하는 기술을 배우는 전공입니다.",입체감/실용성/분석력
서울정수,서울 용산구,전기공학과,전공,전기계열,학위전공심화,12,야간,"전기 에너지의 생성부터 전송, 소비에 이르는 전 과정을 공학적으로 설계하고, 시퀀스 제어 및 PLC 등을 활용한 자동화 시스템의 운용과 유지보수 기술을 배우는 학과입니다.",시스템/분석력/정확성
서울정수,서울 용산구,스마트자동화과,스마트자동화로봇제어직종,자동화계열,하이테크과정,10,주간,"산업 현장의 생산성을 높이기 위해 로봇 팔과 자동화 설비를 PLC, 마이크로프로세서 등으로 정밀하게 제어하고 최적의 공정 시스템을 구축하는 기술을 배웁니다.",논리력/응용력/관찰력
서울정수,서울 용산구,기계설계공학과,기계설계전공,기계설계계열,학위전공심화,12,야간,"기계 공학적 이론을 바탕으로 자동화 설비와 부품의 구조를 해석하며, CAD/CAE 시스템을 활용해 실제 산업 현장에 필요한 최적의 기계 장치를 설계하고 검증하는 기술을 배우는 전공입니다.",분석력/공간감/치밀함
서울정수,서울 용산구,인공지능소프트웨어과,인공지능소프트웨어직종,정보통신IT계열,하이테크과정,10,주간,"데이터를 수집·분석하여 학습 모델을 구축하고, 이를 활용해 지능형 서비스나 앱을 개발하기 위한 AI 알고리즘 설계와 소프트웨어 구현 기술을 배우는 전공입니다.",데이터/유연성/끈기
서울정수,서울 용산구,인공지능소프트웨어과,인공지능소프트웨어전공,정보통신IT계열,2년제학위과정,12,주간,"데이터를 수집·분석하여 학습 모델을 구축하고, 이를 활용해 지능형 서비스나 앱을 개발하기 위한 AI 알고리즘 설계와 소프트웨어 구현 기술을 배우는 전공입니다.",데이터/유연성/끈기
서울정수,서울 용산구,기계설계과,첨단가공시스템전공,기계계열,2년제학위과정,12,주간,"CNC 공작기계와 머시닝센터를 활용하여 금속 재료를 정밀하게 깎고 다듬는 기술을 바탕으로, 스마트 팩토리와 연계된 자동화 가공 시스템을 운용하고 관리하는 기술을 배우는 전공입니다.",정확성/기술탐구/현장감
서울정수,서울 용산구,기계시스템디자인과,제품설계전공,기계설계계열,2년제학위과정,12,주간,"사용자의 요구와 기능성을 고려하여 제품의 전체적인 메커니즘을 구상하고, 3D 모델링 및 시뮬레이션을 통해 실제 제조가 가능하도록 정밀하게 설계하는 기술을 배우는 전공입니다.",융합/창의력/치밀함
서울정수,서울 용산구,기계설계과,기계설계전공,기계계열,2년제학위과정,12,주간,산업체에서 필요로 하는 각종 기계 장치와 부품을 만들기 위해 공학적 지식을 바탕으로 CAD 소프트웨어를 활용하여 최적화된 도면을 작성하고 설계하는 기술을 배우는 전공입니다.,공간지각력/논리력/정교함
서울정수,서울 용산구,기계시스템디자인과,첨단가공시스템전공,기계계열,2년제학위과정,12,주간,"최신 CNC 공작기계와 정밀 측정 장비를 활용하여 복잡한 기계 부품의 제작 공정을 설계하고, 스마트 제조 시스템 기반의 고정밀 가공 실무 기술을 배우는 전공입니다.",정확성/응용력/집중력
서울정수,서울 용산구,메타버스콘텐츠과,메타버스콘텐츠전공,미디어계열,2년제학위과정,12,주간,"가상 현실(VR), 증강 현실(AR) 등 현실과 가상을 잇는 플랫폼 구축을 위해 3D 그래픽 엔진과 실감형 콘텐츠 제작 기술을 활용한 차세대 디지털 생태계 구현법을 배우는 전공입니다.",창의성/트렌드/입체감
서울정수,서울 용산구,메타버스콘텐츠과,메타버스콘텐츠직종,미디어계열,하이테크과정,10,주간,"가상 현실(VR), 증강 현실(AR) 등 현실과 가상을 잇는 플랫폼 구축을 위해 3D 그래픽 엔진과 실감형 콘텐츠 제작 기술을 활용한 차세대 디지털 생태계 구현법을 배우는 전공입니다.",창의성/트렌드/입체감
서울정수,서울 용산구,미래형자동차과,스마트자동차정비전공,자동차계열,2년제학위과정,12,주간,"내연기관 자동차의 정비 기술은 물론, 전기차와 수소차 같은 친환경 자동차의 고전압 시스템과 자율주행 소프트웨어 진단 기술을 배우는 전공입니다.",분석력/적응력/신중함
서울정수,서울 용산구,미래형자동차과,자동차시스템정비전공,자동차계열,2년제학위과정,12,야간,"자동차를 구성하는 엔진, 섀시, 전기·전자 장치 등 핵심 시스템의 구조를 이해하고, 첨단 진단 장비를 활용해 차량의 상태를 분석하여 최상의 주행 성능을 유지하는 정비 기술을 배우는 전공입니다.",분석력/책임감/성실함
서울정수,서울 용산구,미래형자동차과,친환경차체수리전공,자동차계열,2년제학위과정,12,주간,"친환경 자동차의 경량화된 특수 소재 차체를 복원하기 위해 첨단 장비로 변형을 교정하고, 용접 및 도장 기술을 활용하여 차량의 외형과 안전성을 원래대로 회복시키는 기술을 배우는 전공입니다.",섬세함/기술탐구/공간감
서울정수,서울 용산구,미래형자동차과,자율주행자동차직종,자동차계열,신중년특화과정,6,주간,"자동차의 눈 역할을 하는 센서 데이터 분석과 사물 인식 알고리즘을 이해하고, 차량 스스로 상황을 판단하여 안전하게 주행할 수 있도록 하는 제어 소프트웨어 및 시스템 구현 기술을 배우는 전공입니다.",논리력/융합/관찰력
서울정수,서울 용산구,지능형에너지설비과,지능형에너지설비전공,산업설비계열,2년제학위과정,12,주간,"건축물과 산업 현장의 효율적인 에너지 관리를 위해 냉난방, 공조, 신재생 에너지 시스템을 설계 및 시공하고, ICT 기술을 접목하여 스마트하게 제어하는 기술을 배우는 전공입니다.",실용성/적응력/책임감
서울정수,서울 용산구,지능형에너지설비과,공조냉동직종,산업설비계열,신중년특화과정,6,주간,"쾌적한 실내 환경과 산업 공정을 위해 공기 조화 및 냉동 장치를 설계, 설치하고 시스템의 효율적인 운영을 위한 유지보수와 자동제어 기술을 배우는 전공입니다.",실용성/치밀함/책임감
서울정수,서울 용산구,클라우드컴퓨팅과,클라우드서비스보안직종,정보통신IT계열,하이테크과정,10,주간,"클라우드 인프라의 가상화 자원을 보호하기 위해 네트워크 보안 체계를 구축하고, 외부의 사이버 공격으로부터 데이터를 안전하게 지키는 관제 및 대응 기술을 배우는 전공입니다.",방어력/분석력/윤리관
서울정수,서울 용산구,클라우드컴퓨팅과,클라우드구축운영전공,정보통신IT계열,2년제학위과정,12,주간,"기업의 서비스를 안정적으로 제공하기 위해 가상화 서버와 네트워크 인프라를 설계·구축하고, 자동화 도구를 활용하여 클라우드 자원을 효율적으로 관리하는 기술을 배우는 전공입니다.",시스템/효율성/적응력
서울정수,서울 용산구,친환경산업디자인과,친환경제품디자인직종,디자인계열,하이테크과정,10,주간,제품의 기획 단계부터 폐기까지 전 과정에서 환경에 미치는 영향을 최소화하도록 친환경 소재와 공법을 적용하여 지속 가능한 제품을 시각화하고 설계하는 기술을 배우는 전공입니다.,감수성/가치관/통찰력
서울정수,서울 용산구,친환경산업디자인과,친환경제품디자인전공,디자인계열,2년제학위과정,12,주간,제품의 기획 단계부터 폐기까지 전 과정에서 환경에 미치는 영향을 최소화하도록 친환경 소재와 공법을 적용하여 지속 가능한 제품을 시각화하고 설계하는 기술을 배우는 전공입니다.,감수성/가치관/통찰력
서울강서,서울 강서구,데이터분석과,데이터분석전공,정보통신IT계열,2년제학위과정,12,주간,"방대한 비정형 데이터를 수집하고 통계적 기법과 머신러닝 알고리즘을 활용하여 유의미한 인사이트를 도출하며, 이를 비즈니스 의사결정에 활용하는 기술을 배우는 전공입니다.",분석력/호기심/객관성
서울강서,서울 강서구,디지털콘텐츠과,영상콘텐츠전공,미디어계열,2년제학위과정,12,주간,"기획, 촬영, 편집 등 영상 제작의 전 과정을 실무 중심으로 다루며, 유튜브 콘텐츠부터 홍보 영상까지 목적에 맞는 고품질의 디지털 영상을 제작하고 송출하는 기술을 배우는 전공입니다.",표현력/트렌드/디테일
서울강서,서울 강서구,디지털콘텐츠과,콘텐츠디자인전공,미디어계열,2년제학위과정,12,주간,"다양한 디지털 매체 환경에 적합한 시각 디자인 요소를 기획하고, 그래픽 툴을 활용하여 사용자의 시선을 사로잡는 창의적인 인터페이스와 홍보 콘텐츠를 제작하는 기술을 배우는 전공입니다.",감각/유연성/표현력
서울강서,서울 강서구,의료정보과,시니어헬스케어직종,개별특성화계열,신중년특화과정,6,주간,"고령화 시대에 맞춰 시니어의 건강 상태를 모니터링하는 의료 기기 운용법과 체력 증진 프로그램을 설계하며, IT 기술을 접목한 맞춤형 건강관리 서비스를 제공하는 기술을 배우는 전공입니다.",공감/관찰력/봉사정신
서울강서,서울 강서구,의료정보과,의료정보전공,개별특성화계열,2년제학위과정,12,주간,"병원 현장에서 발생하는 방대한 의료 데이터를 효율적으로 관리하기 위해 의료 정보 시스템을 운영하고, 보건 의료 지식과 IT 기술을 융합하여 환자 정보를 안전하게 처리하는 기술을 배우는 전공입니다.",치밀함/보안성/융합
서울강서,서울 강서구,주얼리디자인과,주얼리디자인전공,개별특성화계열,2년제학위과정,12,주간,"장신구의 미적 가치를 극대화하기 위한 디자인 기획부터 귀금속 및 보석을 활용한 전통 세공 기법, 그리고 3D 모델링을 활용한 정밀 제작 기술까지 아우르는 실무를 배우는 전공입니다.",섬세함/심미안/인내심
서울강서,서울 강서구,주얼리디자인과,귀금속가공전공,개별특성화계열,2년제학위과정,12,주간,"금, 은 등의 귀금속 소재를 사용하여 형태를 만들고 보석을 세팅하는 등 전통적인 수공예 기법과 현대적 제작 공정을 통해 고품질의 장신구를 실물로 구현하는 기술을 배우는 전공입니다.",정교함/성실함/실천력
서울강서,서울 강서구,패션산업과,패션산업전공,섬유패션계열,2년제학위과정,12,주간,"패션 시장의 흐름을 분석하여 의류를 기획하고, 디자인부터 패턴 제작 및 시제품 완성까지의 전 과정을 아우르며 고부가가치를 창출하는 패션 실무 전반을 배우는 전공입니다.","트렌드, 표현력, 디테일"
서울강서,서울 강서구,실내건축디자인과,실내건축직종,개별특성화계열,전문기술과정,12,주간,"건축물의 내부 공간을 인간의 생활 양식에 맞춰 효율적이고 아름답게 구성하기 위해 도면 설계, 3D 그래픽 모델링, 그리고 실제 시공 및 마감 공정 기술을 배우는 전공입니다.",공간감/섬세함/실천력
서울강서,서울 강서구,실내건축디자인과,건축목공수장시공,개별특성화계열,신중년특화과정,6,주간,"실내 공간의 완성도를 높이기 위해 목재를 활용한 구조물 제작과 벽지, 바닥재, 시트지 등의 마감재를 정밀하게 시공하여 쾌적하고 아름다운 내부 환경을 조성하는 기술을 배우는 전공입니다.",정교함/성실함/실용성
서울강서,서울 강서구,스마트금융과,핀테크직종,정보통신IT계열,하이테크과정,10,주간,"금융 지식과 IT 기술을 결합하여 모바일 결제, 자산 관리 등 혁신적인 금융 서비스를 개발하기 위해 프로그래밍과 데이터 분석, 그리고 보안 솔루션 구축 기술을 배우는 전공입니다.",융합/논리력/신뢰성
서울강서,서울 강서구,출판편집디자인과,출판직종,개별특성화계열,하이테크과정,10,주간,"원고의 내용을 분석하여 독자가 읽기 편하도록 가독성 있는 레이아웃을 기획하고, 타이포그래피와 그래픽 요소를 활용해 종이 책부터 전자책까지 다양한 형태의 출판물을 제작하는 기술을 배우는 전공입니다.",가독성/미적감각/세심함
서울강서,서울 강서구,i-패션디자인과,테크니컬디자인전공,섬유패션계열,2년제학위과정,12,주간,"디자이너의 의도를 실제 의류로 구현하기 위해 정확한 치수의 작업지시서를 작성하고, 핏(Fit) 수정과 기술적 공정을 관리하여 제품의 완성도와 생산성을 높이는 기술을 배우는 전공입니다.",정밀함/분석력/소통
서울강서,서울 강서구,i-패션디자인과,스마트패션디자인전공,섬유패션계열,2년제학위과정,12,주간,전통적인 의상 디자인에 3D 가상 착장 시스템과 스마트 의류 기술을 접목하여 디지털 환경에 최적화된 미래형 패션 콘텐츠를 기획하고 제작하는 기술을 배우는 전공입니다.,혁신성/표현력/융합
서울강서,서울 강서구,패션디자인과,패션메이킹전공,섬유패션계열,2년제학위과정,12,주간,패션 디자인의 구상을 구체적인 실물 의상으로 구현하기 위해 평면 및 입체 패턴 제작부터 고난도의 봉제 기술과 의복 구성 원리를 전문적으로 배우는 전공입니다.,정교함/인내심/실천력
서울강서,서울 강서구,패션디자인과,스마트패션디자인전공,섬유패션계열,2년제학위과정,12,주간,"패션 디자인의 기초 위에 3D 가상 시뮬레이션과 디지털 기술을 융합하여 의상 제작 공정을 혁신하고, 미래 지향적인 스마트 의류와 콘텐츠를 기획·제작하는 기술을 배우는 전공입니다.",창의성/적응력/통찰력
서울강서,서울 강서구,패션디자인과,패션제품제작직종,섬유패션계열,신중년특화과정,6,주간,"가방, 구두, 모자 등 패션 의류 외의 다양한 소품을 기획하고, 가죽이나 특수 소재를 활용한 패턴 설계부터 섬세한 봉제 공정까지 거쳐 완성도 높은 패션 잡화를 만드는 기술을 배우는 전공입니다.",섬세함/실용성/성실함
서울강서,서울 강서구,외식조리과,글로벌한식조리직종,개별특성화계열,전문기술과정,12,주간,한국 전통 음식의 조리 원리와 정통성을 바탕으로 현대적인 감각과 외국인의 입맛을 고려한 메뉴를 개발하여 우리 음식을 세계에 알릴 수 있는 전문 조리 기술을 배우는 전공입니다.,수용성/섬세함/소통
서울강서,서울 강서구,외식조리과,한식조리직종,개별특성화계열,신중년특화과정,6,주간,한국 전통 음식을 구성하는 기초 조리법과 식재료에 대한 이해를 바탕으로 궁중 음식부터 대중적인 향토 음식까지 우리 고유의 맛과 영양을 살린 정갈한 상차림을 구현하는 기술을 배우는 전공입니다.,정성/섬세함/기초
서울강서,서울 강서구,외식조리과,음식조리직종(G6),개별특성화계열,전문기술과정,6,주간,"한식, 양식, 중식, 일식 등 다양한 장르의 조리 기초 이론과 실무 기술을 익혀 식재료의 특성에 맞는 최적의 맛을 구현하고 위생적인 주방 관리 능력을 갖춘 전문 조리사를 양성하기 위해 배우는 전공입니다.",현장성/청결/다양성
서울강서,서울 강서구,빅데이터과,클라우드기반빅데이터전공,정보통신IT계열,2년제학위과정,12,주간,"클라우드 인프라 환경을 구축하고 그 위에서 방대한 데이터를 수집, 저장, 처리할 수 있는 파이프라인을 설계하며 데이터 기반의 인사이트를 도출하는 엔지니어링 기술을 배우는 전공입니다.",논리력/적응력/분석력
서울강서,서울 강서구,사이버보안과,사이버보안전공,정보통신IT계열,2년제학위과정,12,주간,"해킹이나 악성코드와 같은 사이버 공격으로부터 네트워크와 시스템을 안전하게 보호하기 위해 보안 관제, 모의 해킹, 취약점 분석 및 디지털 포렌식 기술을 전문적으로 배우는 전공입니다.",윤리성/치밀함/지속성
서울강서,서울 강서구,사이버보안과,사이버보안직종,정보통신IT계열,하이테크과정,10,주간,"해킹이나 악성코드와 같은 사이버 공격으로부터 네트워크와 시스템을 안전하게 보호하기 위해 보안 관제, 모의 해킹, 취약점 분석 및 디지털 포렌식 기술을 전문적으로 배우는 전공입니다.",윤리성/치밀함/지속성
서울강서,서울 강서구,스마트전기융합기계과,스마트기계시스템직종,기계계열,전문기술과정,12,주간,전통적인 기계 설계 및 가공 기술에 스마트 팩토리 구현을 위한 자동화 제어와 사물인터넷(IoT) 기술을 융합하여 지능형 생산 시스템을 운용하고 유지 보수하는 기술을 배우는 전공입니다.,융합/정교함/문제해결
서울강서,서울 강서구,디지털애니메이션과,애니메이션직종,디자인계열,전문기술과정,12,주간,"캐릭터와 배경에 생명력을 불어넣기 위해 기획 및 스토리보드 작성부터 2D·3D 그래픽 제작, 합성, 편집 등 영상 콘텐츠를 완성하는 전 과정을 배우는 전공입니다.",관찰력/창의성/몰입도
성남,경기 성남시,생명정보시스템과,바이오제약직종,바이오계열,하이테크과정,10,주간,"바이오 의약품의 안전한 생산을 위해 미생물 및 동물세포 배양, 정제 공정을 운영하고 제품의 품질을 분석하며 국제 기준에 부합하는 의약품 제조 관리 기술을 배우는 전공입니다.",원칙/피밀함/청결
성남,경기 성남시,스마트기계정비과,시스템진단전공,자동화계열,2년제학위과정,12,주간,"산업 설비의 가동 상태를 실시간으로 모니터링하고 데이터 분석을 통해 고장 징후를 사전에 포착하여, 기계 시스템의 최적 성능 유지와 사고 예방을 위한 전문 점검 기술을 배우는 전공입니다.",분석력/신중함/기술융합
성남,경기 성남시,스마트전기과,신재생에너지전공,전기계열,2년제학위과정,12,주간,"태양광, 풍력 등 자연 에너지를 전기로 변환하는 발전 설비의 설계와 시공부터 효율적인 에너지 관리를 위한 전기 제어 및 유지 보수 기술을 배우는 전공입니다.",공공성/기술융합/현장성
성남,경기 성남시,스마트전기과,전력IT융합전공,전기계열,2년제학위과정,12,야간,전통적인 전력 계통 기술에 정보통신기술(ICT)을 접목하여 스마트 그리드와 지능형 전력망을 구축하고 효율적으로 에너지를 제어 및 관리하는 시스템 운영 기술을 배우는 전공입니다.,융합/논리력/통찰력
성남,경기 성남시,스마트전기과,전력IT융합전공,전기계열,2년제학위과정,12,주간,전통적인 전력 계통 기술에 정보통신기술(ICT)을 접목하여 스마트 그리드와 지능형 전력망을 구축하고 효율적으로 에너지를 제어 및 관리하는 시스템 운영 기술을 배우는 전공입니다.,융합/논리력/통찰력
성남,경기 성남시,전기과,전력IT융합전공,전기계열,2년제학위과정,12,야간,안정적인 전력 공급을 위한 전기 설비 기술을 바탕으로 정보통신기술(ICT)을 결합하여 지능형 전력망을 제어하고 실시간으로 에너지를 효율적으로 관리하는 지능형 시스템 기술을 배우는 전공입니다.,정밀성/학습력/실용성
성남,경기 성남시,전기과,전력IT융합전공,전기계열,2년제학위과정,12,주간,안정적인 전력 공급을 위한 전기 설비 기술을 바탕으로 정보통신기술(ICT)을 결합하여 지능형 전력망을 제어하고 실시간으로 에너지를 효율적으로 관리하는 지능형 시스템 기술을 배우는 전공입니다.,정밀성/학습력/실용성
성남,경기 성남시,전기과,전기내선직종,전기계열,신중년특화과정,6,주간,"건축물 내부의 조명, 콘센트, 동력 설비 등을 안전하게 사용하기 위해 전선관을 배관하고 전선을 입선하여 안정적인 전기 공급 체계를 구축하는 시공 및 점검 기술을 배우는 전공입니다.",꼼꼼함/안전의식/공간지각
성남,경기 성남시,전기과,전기내선직종(G6),전기계열,전문기술과정,6,주간,"건축물 내부의 조명, 콘센트, 동력 설비 등을 안전하게 사용하기 위해 전선관을 배관하고 전선을 입선하여 안정적인 전기 공급 체계를 구축하는 시공 및 점검 기술을 배우는 전공입니다.",꼼꼼함/안전의식/공간지각
성남,경기 성남시,반도체소재응용과,"반도체공정,분석전공",신소재계열,2년제학위과정,12,주간,"반도체 제조의 핵심인 웨이퍼 가공 공정과 박막 형성 기술을 익히고, 첨단 장비를 활용하여 소자의 특성을 정밀하게 측정하고 분석하여 수율을 개선하는 기술을 배우는 전공입니다.",치밀함/분석력/평정심
성남,경기 성남시,반도체소재응용과,"반도체소재,품질전공",신소재계열,2년제학위과정,12,주간,반도체 제조에 사용되는 필수 소재의 특성을 파악하고 엄격한 시험 검사를 통해 원재료부터 최종 제품까지의 품질을 규격에 맞게 관리 및 보증하는 기술을 배우는 전공입니다.,신중함/책임감/정교함
성남,경기 성남시,스마트자동화과,ICT제어전공,자동화계열,2년제학위과정,12,주간,"산업 현장의 자동화 설비를 지능적으로 운영하기 위해 PLC 제어, 산업용 로봇 프로그래밍, 그리고 사물인터넷(IoT) 기술을 융합하여 스마트 팩토리 시스템을 구축하고 관리하는 기술을 배우는 전공입니다.",논리력/응용력/현장성
성남,경기 성남시,스마트자동화과,인텔리전스제어전공,자동화계열,2년제학위과정,12,주간,인공지능(AI)과 딥러닝 기술을 자동화 시스템에 접목하여 스스로 상황을 판단하고 최적의 공정을 수행하는 지능형 제어 시스템을 설계하고 운영하는 기술을 배우는 전공입니다.,탐구심/분석력/유연성
성남,경기 성남시,전자정보통신과,지능형사물인터넷,전자계열,2년제학위과정,12,주간,"다양한 사물에 센서와 통신 기능을 결합하여 데이터를 수집하고, 인공지능(AI)을 통해 이를 분석하고 제어함으로써 지능적인 서비스를 제공하는 시스템의 설계 및 구현 기술을 배우는 전공입니다.",연결성/창의성/적응력
성남,경기 성남시,기계시스템과,사출금형전공,기계계열,2년제학위과정,12,주간,"플라스틱 제품을 대량 생산하기 위해 정밀한 금형을 설계하고 가공하며, 사출 성형기를 운용하여 고품질의 제품을 제작하는 데 필요한 일련의 제작 공정 기술을 배우는 전공입니다.",정밀성/입체력/끈기
성남,경기 성남시,기계시스템과,초정밀가공전공,기계계열,2년제학위과정,12,주간,"첨단 CNC 공작기계와 정밀 측정 장비를 활용하여 마이크로 단위의 오차도 허용하지 않는 고정밀 부품을 설계하고 제작하며 이를 통해 항공우주, 의료기기 등 고부가가치 산업의 핵심 기술을 배우는 전공입니다.",완벽주의/집중력/기술탐구
성남,경기 성남시,기계시스템과,기계설계전공,기계계열,2년제학위과정,12,주간,"컴퓨터 기반의 CAD/CAE 프로그램을 활용하여 기계 장치와 부품의 구조를 구상하고, 역학적 분석을 통해 최적의 도면을 작성하며 제품의 기능과 성능을 구현하는 설계 프로세스를 배우는 전공입니다.",논리력/공간지각/세심함
성남,경기 성남시,기계정비과,설비보전전공,자동화계열,2년제학위과정,12,주간,"산업 현장의 제조 설비가 최상의 상태를 유지할 수 있도록 기계 장치의 분해, 조립, 점검 및 윤활 관리를 수행하며 고장 발생 시 원인을 분석하고 신속하게 복구하는 정비 기술을 배우는 전공입니다.",책임감/민첩성/실천력
성남,경기 성남시,AI자동화과,ICT제어전공,자동화계열,2년제학위과정,12,주간,"산업 현장의 자동화 시스템에 정보통신기술(ICT)을 접목하여 PLC 제어, 산업용 로봇, 센서 네트워크를 유기적으로 연결하고 지능형 생산 라인을 구축 및 운영하는 기술을 배우는 전공입니다.",논리력/응용력/적응력
성남,경기 성남시,AI자동화과,인텔리전스제어전공,자동화계열,2년제학위과정,12,주간,기존의 자동화 기술에 인공지능(AI)과 빅데이터 분석을 융합하여 스스로 공정을 최적화하고 지능적으로 판단하여 제어하는 차세대 스마트 팩토리 구현 기술을 배우는 전공입니다.,분석력/탐구심/융합
성남,경기 성남시,AI자동화과,ICT응용제어직종,자동화계열,하이테크과정,10,주간,"산업 현장의 자동화 설비에 정보통신기술(ICT)을 적용하여 각종 센서와 제어 기기를 네트워크로 연결하고, 실시간 데이터 수집과 장치 제어를 통해 스마트한 생산 환경을 구축하는 기술을 배우는 전공입니다.",응용력/논리력/도전정신
성남,경기 성남시,AI자동화과,에너지관리직종(s),자동화계열,신중년특화과정,6,주간,"산업체 및 건축물의 열원 공급 설비를 효율적으로 운용하기 위해 보일러, 냉동기, 공조 시스템을 설치·운영하며, 에너지 절감을 위한 지능형 관리 시스템과 안전 점검 기술을 배우는 전공입니다.",책임감/치밀함/위험관리
성남,경기 성남시,AI자동화과,한국어교육,자동화계열,전문기술과정,12,주간,"외국인 유학생이나 근로자가 국내 산업 현장에 원활하게 적응할 수 있도록 한국어 의사소통 능력을 교육하고, AI 기술을 활용한 맞춤형 언어 학습 콘텐츠 개발과 교육 운영 방법을 배우는 전공입니다.",소통/언어감각/디지털활용
성남,경기 성남시,IoT소프트웨어과,지능형사물인터넷전공,전자계열,2년제학위과정,12,주간,"사물들에 센서와 통신 기능을 부여하여 데이터를 수집하고, 이를 인공지능(AI)으로 분석하여 스스로 판단하고 제어하는 지능형 서비스 시스템을 설계하고 소프트웨어로 구현하는 기술을 배우는 전공입니다.",융합/창의성/문제해결
성남,경기 성남시,융합기계과,초정밀가공전공,기계계열,2년제학위과정,12,주간,"첨단 CNC 공작기계와 정밀 측정 장비를 활용하여 마이크로 단위의 오차도 허용하지 않는 고정밀 부품을 가공하고, 이를 실무에 적용하기 위한 설계 및 제작 기술을 배우는 전공입니다.",완벽주의/집중력/분석력
성남,경기 성남시,융합기계과,기계설계전공,기계계열,2년제학위과정,12,주간,산업체에서 요구하는 기계 장치와 자동화 설비를 제작하기 위해 2D·3D CAD 프로그램을 활용하여 최적의 부품 구조를 설계하고 역학적으로 검증하는 기술을 배우는 전공입니다.,공간지각/논리력/세심함
성남,경기 성남시,인공지능소프트웨어과,인공지능소프트웨어직종,정보통신IT계열,하이테크과정,10,주간,"데이터를 수집·분석하여 학습 모델을 구축하고, 이를 활용해 지능형 서비스나 앱을 개발하기 위한 AI 알고리즘 설계와 소프트웨어 구현 기술을 배우는 전공입니다.",데이터/유연성/끈기
성남,경기 성남시,인공지능소프트웨어과,인공지능응용전공,정보통신IT계열,2년제학위과정,12,주간,"인공지능의 핵심 알고리즘을 다양한 산업 분야의 실무 프로세스에 접목하여 최적화된 솔루션을 구축하고, 빅데이터를 활용한 지능형 서비스 모델을 기획 및 구현하는 기술을 배우는 전공입니다.",응용력/분석력/융합
성남,경기 성남시,그린반도체설계과,저전력반도체설계전공,반도체계열,2년제학위과정,12,주간,전력 소모를 최소화하면서 성능을 극대화하기 위해 하드웨어 기술 언어로 고효율 시스템 반도체를 설계하고 검증하는 기술을 배우는 전공입니다.,논리 설계 / 효율 최적화 / 검증 분석
성남,경기 성남시,그린반도체설계과,저전력반도체설계직종,반도체계열,하이테크과정,10,주간,탄소 중립 시대에 맞춰 전력 소모를 최소화하면서도 성능은 극대화한 고효율 시스템 반도체를 회로 수준에서 설계하고 검증하는 기술을 배우는 전공입니다.,시스템 최적화 / 논리적 설계 / 정밀 분석
성남,경기 성남시,AI의약바이오과,정밀바이오전공,바이오계열,2년제학위과정,12,주간,인공지능을 활용하여 바이오 데이터를 분석하고 질병 진단이나 신약 개발에 필요한 정밀 분석 기술을 배우는 전공입니다.,데이터 분석 / 정밀도 / 탐구 정신
성남,경기 성남시,AI의약바이오과,정밀바이오직종,바이오계열,하이테크과정,10,주간,인공지능 기술과 바이오 데이터를 결합하여 신약 개발 과정을 단축하고 개인별 맞춤형 정밀 의료 서비스를 제공하는 첨단 기술을 배우는 전공입니다.,데이터 분석 / 정밀도 / 탐구 정신
성남,경기 성남시,반도체융합기계과,반도체장비품질관리직종,반도체계열,하이테크과정,10,주간,반도체 생산에 필요한 정밀 기계 장치의 설계와 가공 그리고 자동 제어 시스템을 통합적으로 구축하는 기술을 배우는 전공입니다.,기계 통합 / 시스템 설계 / 정밀 가공
성남,경기 성남시,반도체융합기계과,반도체장비제작전공,반도체계열,2년제학위과정,12,주간,정밀 기계 설계 기술과 제어 기술을 결합하여 반도체 제조에 필요한 고정밀 장비를 설계하고 조립하며 공정에 최적화된 설비를 제작하는 기술을 배우는 전공입니다.,기계 설계 역량 / 정밀 조립 / 시스템 통합
성남,경기 성남시,사물인터넷소프트웨어과,메타버스크리에이터직종,전자계열,일반계고위탁과정,12,주간,가상 현실과 현실 세계를 연결하는 3차원 공간을 기획하고 게임 엔진을 활용해 몰입형 콘텐츠를 제작하는 기술을 배우는 전공입니다.,시각 서사 / 도구 숙련 / 연출 감각
성남,경기 성남시,사물인터넷소프트웨어과,지능형사물인터넷전공,전자계열,2년제학위과정,12,주간,다양한 사물에 센서와 통신 기능을 결합하여 데이터를 수집하고 인공지능으로 제어하는 스마트 시스템 구축 기술을 배우는 전공입니다.,IoT 응용 / 계통 통합 / 최적화 감각
성남,경기 성남시,반도체공정과,반도체공정분석전공,반도체계열,2년제학위과정,12,주간,반도체 제조 과정에서 발생하는 데이터와 결과물을 첨단 계측 장비로 정밀 분석하여 공정의 이상 유무를 판별하고 최적의 수율을 유지하는 기술을 배우는 전공입니다.,분석 사고 / 세심함 / 탐구 정신
성남,경기 성남시,반도체공정과,반도체소재품질전공,반도체계열,2년제학위과정,12,주간,"반도체 제조에 사용되는 초고순도 가스, 화학물질, 웨이퍼 등의 특성을 정밀 분석하고 국제 표준에 맞는 품질을 관리하는 기술을 배우는 전공입니다.",세밀한 관찰력 / 논리적 추론력 / 데이터 분석 감각
성남,경기 성남시,반도체공정과,반도체공정기술직종,반도체계열,하이테크과정,10,주간,반도체 제조를 위한 8대 핵심 공정의 이론을 바탕으로 웨이퍼 위에 미세 회로를 구현하는 최적의 공정 조건을 설계하고 분석하는 기술을 배우는 전공입니다.,논리적 설계 능력 / 시스템 통합 사고 / 문제 해결
성남,경기 성남시,반도체공정과,반도체장비운용직종(s),반도체계열,하이테크과정,3,주간,반도체 제조의 핵심인 8대 공정을 이해하고 클린룸 환경에서 첨단 제조 장비를 안정적으로 가동 및 유지보수하는 기술을 배우는 전공입니다,기계 구조 분석 / 정밀 진단 감각 / 안전 원칙 준수
성남,경기 성남시,소음진동제어과,스마트팩토리운영관리직종,자동화계열,하이테크과정,10,주간,생산 설비에서 발생하는 소음과 진동 데이터를 실시간으로 수집하고 분석하여 스마트 공장의 최적 운영과 설비 보전을 관리하는 기술을 배우는 전공입니다.,시스템 통합 / 데이터 분석 / 공정 최적화
제주,제주 제주시,그린에너지설비과,열에너지장치설비직종,산업설비계열,전문기술과정,12,주간,효율적인 에너지 사용을 위해 보일러와 같은 열발생 장치와 냉난방 배관 시스템을 설계하고 시공하며 유지관리하는 기술을 배우는 전공입니다.,세밀한 관찰력 / 논리적 추론력 / 데이터 분석 감각
제주,제주 제주시,융합디자인과,융합디자인전공,디자인계열,2년제학위과정,12,주간,제품의 외형 설계부터 시각 매체 제작까지 온오프라인을 아우르는 통합적인 디자인 실무 기술을 배우는 전공입니다.,공간 지각 능력 / 미적 감각 / 끈기
제주,제주 제주시,자동차과,건설기계정비직종,자동차계열,전문기술과정,12,주간,"굴착기, 지게차, 불도저 등 대형 건설 장비의 동력 전달 시스템과 유압 제어 장치를 점검하고 수리하는 기술을 배우는 전공입니다.",기계 구조 이해력 / 문제 원인 분석력 / 실무 기술 숙련도
제주,제주 제주시,자동차과,자동차정비(새시·엔진·장치)직종,자동차계열,전문기술과정,12,주간,내연기관 엔진부터 하이브리드 및 전기차 시스템까지 차량 전반의 구조를 이해하고 유지보수하는 정밀 기술을 배우는 전공입니다.,기계 구조 파악 / 시스템 최적화 / 기술 안전 의식
제주,제주 제주시,소프트웨어융합디자인과,스마트웹&콘텐츠개발전공,디자인계열,2년제학위과정,12,주간,웹 표준 기술을 바탕으로 다양한 스마트 기기에 최적화된 반응형 웹사이트와 디지털 콘텐츠를 설계하고 구현하는 기술을 배우는 전공입니다.,시각적 구성력 / 웹 아키텍처 이해 / 사용자 경험 설계
제주,제주 제주시,소프트웨어융합디자인과,디지털디자인직종,디자인계열,전문기술과정,12,주간,사용자 경험을 중심으로 웹과 앱의 시각적인 요소를 설계하고 창의적인 디지털 콘텐츠 제작 기술을 배우는 전공입니다.,시각적 감각 / 디지털 도구 활용 / 사용자 공감
제주,제주 제주시,전기시스템제어과,전기시스템제어직종,전기계열,전문기술과정,12,주간,전기에너지를 안전하게 공급하기 위한 설비 구축과 시퀀스 제어 및 PLC를 활용한 자동화 시스템의 설계와 운용 기술을 배우는 전공입니다.,회로 분석 / 안전 준수 / 시스템 제어
제주,제주 제주시,소방시스템과,소방설비전기직종,전자계열,전문기술과정,12,주간,"화재 발생 시 이를 감지하고 경보를 울리며, 피난 및 소화 설비를 가동하는 전기관련 설비의 설계와 시공 및 유지관리 기술을 배우는 전공입니다.",세밀 점검 / 규정 준수 / 회로 분석
분당,경기 성남시,AI금융소프트웨어과,응용소프트웨어직종,정보통신IT계열,하이테크과정,10,주간,자바 기반의 백엔드 개발 기술과 금융 데이터를 처리하는 소프트웨어 구축 방법을 배우는 전공입니다.,수치 정밀 / 알고리즘 / 금융
분당,경기 성남시,생명의료시스템과,의료바이오-8개월직종,바이오계열,하이테크과정,8,주간,단기간에 집중적으로 바이오 의약품 제조와 품질 관리 실무를 익혀 제약 및 바이오 기업에 즉시 투입될 수 있는 전문가를 양성하는 직종입니다.,바이오 탐구 / 실험 정밀 / 위생 준수
분당,경기 성남시,AI응용소프트웨어과,AI활용소프트웨어개발및응용직종,정보통신IT계열,하이테크과정,10,주간,"단순히 코딩 기술을 익히는 단계를 넘어, 최신 인공지능 모델을 실제 비즈니스 환경이나 서비스에 녹여내는 **'AI 서비스 구현 전문가'**를 양성하는 과정입니다.",논리 사고 / 데이터 추론 / 트렌드
인천,인천 부평구,정보통신과,유비쿼터스시스템전공,정보통신IT계열,2년제학위과정,12,주간,사물인터넷인 센서와 네트워크 기술을 융합하여 언제 어디서나 정보 통신 서비스가 가능한 지능형 환경을 구축하고 관리하는 기술을 배우는 전공입니다.,IoT 응용 / 계통 통합 / 최적화
인천,인천 부평구,정보통신과,이동통신전공,정보통신IT계열,2년제학위과정,12,주간,초고속 5G 및 차세대 5G 네트워크 인프라를 구축하고 기지국 장비의 운용과 유지보수를 위한 무선 통신 실무 기술을 배우는 전공입니다,망 설계 / 장애 분석 / 장비 이해
인천,인천 부평구,정보통신과,이동통신전공,정보통신IT계열,2년제학위과정,12,야간,초고속 5G 및 차세대 6G 네트워크 인프라를 구축하고 기지국 장비의 운용과 유지보수를 위한 무선 통신 실무 기술을 배우는 전공입니다,망 설계 / 장애 분석 / 장비 이해
인천,인천 부평구,건축설계과,U-city건축설계전공,개별특성화계열,2년제학위과정,12,주간,첨단 정보통신기술을 건축에 접목하여 도시 전체가 지능적으로 연결되고 스스로 제어되는 스마트 시티의 공간을 기획하고 설계하는 기술을 배우는 전공입니다.,도시 기획 / 시스템 통합 / 공간 설계
인천,인천 부평구,건축설계과,건설엔지니어링전공,개별특성화계열,2년제학위과정,12,주간,건물이 안전하게 세워질 수 있도록 건축 구조를 계산하고 시공 과정을 효율적으로 관리하는 공학적 지식과 실무 기술을 배우는 전공입니다.,구조 안전 / 도면 해석 / 공정 최적화
인천,인천 부평구,기계시스템과,복합정밀기계전공,기계계열,2년제학위과정,12,주간,컴퓨터 수치 제어(CNC) 공작기계와 범용 기계를 활용하여 금속 재료를 마이크로 단위의 오차 없이 정밀하게 깎고 다듬어 기계 부품을 제작하는 기술을 배우는 전공입니다.,공간 지각 / 수치 정밀 / 공정 인내
인천,인천 부평구,기계시스템과,운송기계전공,기계계열,2년제학위과정,12,주간,자동차와 철도 그리고 선박처럼 사람이나 물건을 실어 나르는 기계 장치의 설계와 제작 및 정비에 필요한 공학적 실무 기술을 배우는 전공입니다.,구조 파악 / 시스템 최적화 / 안전
인천,인천 부평구,방송미디어과,실감영상콘텐츠제작전공,미디어계열,2년제학위과정,12,주간,가상현실(VR)과 증강현실(AR) 그리고 혼합현실(MR) 기술을 활용하여 사용자가 실제 현장에 있는 듯한 몰입감을 느끼게 하는 차세대 영상 콘텐츠 제작 기술을 배우는 전공입니다.,공간 상상 / 뉴미디어 / 스토리텔링
인천,인천 부평구,방송미디어과,스마트방송시스템전공,미디어계열,2년제학위과정,12,주간,네트워크 기반의 실시간 스트리밍 기술과 정보통신기술을 활용하여 언제 어디서든 고품질 영상 서비스를 제공하는 지능형 방송 인프라 구축 기술을 배우는 전공입니다.,망 최적화 / 장애 대응 / 통신 융합
인천,인천 부평구,방송미디어과,영상콘텐츠제작직종(G6),미디어계열,전문기술과정,6,주간,유튜브와 방송 그리고 영화 등 다양한 매체에 쓰일 영상을 직접 기획하고 촬영하며 편집하여 최종 결과물을 만들어내는 종합 영상 제작 기술을 배우는 전공입니다.,시각 서사 / 도구 숙련 / 연출
인천,인천 부평구,메카트로닉스과,물류자동화전공,자동화계열,2년제학위과정,12,주간,물건의 입고부터 보관과 출고까지 모든 과정을 사람의 손을 빌리지 않고 자동으로 처리하기 위해 필요한 무인 운반 로봇과 자동 분류 시스템 기술을 배우는 전공입니다.,공정 최적화 / 로봇 제어 / 물류
인천,인천 부평구,메카트로닉스과,시스템통합PC제어전공,자동화계열,2년제학위과정,12,주간,산업용 컴퓨터인 IPC나 전용 컨트롤러를 활용하여 복잡한 로봇 시스템과 스마트 팩토리 공정을 고도화하고 통합 관리하는 소프트웨어 기반 제어 기술을 배우는 전공입니다,객체지향 / 계통 분석 / 문제 해결
인천,인천 부평구,메카트로닉스과,시스템통합PLC제어전공,자동화계열,2년제학위과정,12,주간,기계와 전기를 하나로 묶어주는 산업용 컴퓨터인 PLC를 활용하여 공장의 자동화 생산 라인을 설계하고 운영하는 통합 제어 기술을 배우는 전공입니다.,논리 사고 / 시스템 통합 / 최적화
인천,인천 부평구,산업디자인과,제품디자인전공,디자인계열,2년제학위과정,12,주간,사물의 외형을 설계하는 제품 디자인과 사용자의 편의성을 고려한 정보 시각화 기술을 결합하여 인간 중심의 혁신적인 제품을 만드는 기술을 배우는 전공입니다.,사용자 공감 / 미적 감각 / 도구 활용
인천,인천 부평구,산업디자인과,제품정보디자인전공,디자인계열,2년제학위과정,12,주간,사용자 경험 공감력 / 조형적 미적 감각 / 디지털 도구 활용력,공간 지각 / 기술 꼼꼼 / 산업 안전
인천,인천 부평구,산업설비자동화과,산업설비전공,산업설비계열,2년제학위과정,12,야간,건축물이나 산업 현장에서 쓰이는 각종 배관과 공조 설비를 설치하고 이를 유지보수하기 위한 용접 및 배관 시공 기술을 배우는 전공입니다.,공간 지각 / 고도 정밀 / 산업 안전
인천,인천 부평구,산업설비자동화과,산업플랜트전공,산업설비계열,2년제학위과정,12,주간,원유나 가스를 이송하는 대형 관로와 저장 탱크 같은 거대 설비를 건설하고 유지하기 위해 필요한 용접과 배관 기술을 배우는 전공입니다.,공간 설계 / 시스템 최적화 / 기술 꼼꼼
인천,인천 부평구,산업설비자동화과,설비플랜트전공,산업설비계열,2년제학위과정,12,주간,석유화학이나 발전소 같은 대규모 생산 시설의 배관과 장치를 설계하고 이를 안전하게 가동하기 위한 자동화 시스템 설치 기술을 배우는 전공입니다.,세밀 관찰 / 논리 추론 / 데이터 분석
인천,인천 부평구,신소재응용과,제조분석전공,신소재계열,2년제학위과정,12,주간,금속이나 세라믹 같은 산업 재료의 성질을 파악하고 제조 공정에서 발생하는 결함을 분석하여 제품의 품질을 높이는 기술을 배우는 전공입니다.,구조 분석 / 정밀 진단 / 안전 준수
인천,인천 부평구,자동차과,자동차시스템정비전공,자동차계열,2년제학위과정,12,야간,자동차를 구성하는 엔진과 섀시 그리고 전기장치 등 주요 시스템의 구조를 파악하고 정밀 진단 장비를 활용하여 고장을 수리하는 실무 기술을 배우는 전공입니다.,시스템 제어 / 데이터 분석 / 미래차
인천,인천 부평구,자동차과,스마트자동차,자동차계열,2년제학위과정,12,주간,자율주행과 커넥티드 카 기술을 접목하여 자동차가 스스로 주변 환경을 인식하고 판단하여 주행하는 지능형 모빌리티 기술을 배우는 전공입니다.,IT 융합 / 데이터 분석 / 시스템 제어
인천,인천 부평구,자동차과,하이브리드전기자동차,자동차계열,2년제학위과정,12,주간,"친환경 자동차 산업의 핵심으로, 내연기관(엔진)과 전기 모터라는 두 개의 심장을 효율적으로 제어하여 연비는 높이고 배출가스는 줄이는 기술을 배우는 전공입니다.",논리 설계 / 시스템 통합 / 문제 해결
인천,인천 부평구,전기에너지시스템과,전기시스템제어직종,전기계열,하이테크과정,12,주간,"자동 제어 기술의 핵심인 PLC(Programmable Logic Controller)와 시퀀스 제어 기술을 활용하여, 공장 자동화 설비나 전력 계통의 복잡한 동작을 논리적으로 설계하고 제어하는 기술을 배우는 전공입니다.",시스템 통합 / 논리 제어 / 자동화 제어
인천,인천 부평구,전기에너지시스템과,스마트파워그리드전공,전기계열,2년제학위과정,12,주간,"기존의 전력망에 정보통신기술(ICT)을 접목하여, 공급자와 소비자가 실시간으로 정보를 교환함으로써 에너지 효율을 최적화하고 지능형 전력 체계를 구축하는 기술을 배우는 전공입니다.",스마트그리드 / 에너지 관리 / 시스템 통합
인천,인천 부평구,전기에너지시스템과,신재생에너지시스템전공,전기계열,2년제학위과정,12,주간,"태양광, 풍력, 수소 연료전지 등 탄소 중립 실현을 위한 친환경 발전 설비를 설계하고, 생산된 전력을 효율적으로 저장·관리하는 시스템 구축 기술을 배우는 전공입니다.",기술 수용 / 환경 보존 / 시스템 통합
인천,인천 부평구,전기에너지시스템과,신재생에너지시스템전공,전기계열,2년제학위과정,12,야간,"태양광, 풍력, 수소 연료전지 등 탄소 중립 실현을 위한 친환경 발전 설비를 설계하고, 생산된 전력을 효율적으로 저장·관리하는 시스템 구축 기술을 배우는 전공입니다.",기술 수용 / 환경 보존 / 시스템 통합
인천,인천 부평구,전기에너지시스템과,전기직종,전기계열,기능장,12,야간,"전기의 생산(발전)부터 수송(송·배전), 그리고 실제 사용되는 부하 설비에 이르기까지 전기에너지를 안전하고 효율적으로 관리하기 위한 설계, 시공 및 유지보수 기술을 배우는 전공입니다.",논리 추론 / 안전 준수 / 시스템 최적화
인천,인천 부평구,AI융합소프트웨어과,IoT제어전공,정보통신IT계열,2년제학위과정,12,주간,"하드웨어 센서로부터 데이터를 수집하고, 이를 실시간으로 분석·제어하는 인공지능 알고리즘을 임베디드 시스템에 탑재하여 지능형 기기나 스마트 홈을 구축하는 기술을 배우는 전공입니다.",시스템 연동 / 제어 사고 / 하드웨어
인천,인천 부평구,AI융합소프트웨어과,인공지능SW전공,정보통신IT계열,2년제학위과정,12,주간,"데이터를 수집 및 분석하는 알고리즘을 설계하고,머신러닝과 딥러닝 기술을 활용하여 스스로 학습하고 판단하는 지능형 소프트웨어를 개발하는 기술을 배우는 전공입니다.",논리 추론 / 수학 사고 / 데이터 통찰
인천,인천 부평구,기계공학과,기계전공,기계계열,학위전공심화,12,야간,"기계 시스템의 설계, 제작 및 운용 원리를 이해하고 각종 공작기계와 자동화 설비를 활용하여 정밀 부품을 생산하고 관리하는 기술을 배우는 전공입니다.",논리 분석 / 공간 지각 / 실무 응용
인천,인천 부평구,메카트로닉스공학과,메카트로닉스전공,자동화계열,학위전공심화,12,야간,"기계 설계와 전기·전자 제어 기술을 융합하여 로봇, 반도체 장비 등 지능형 자동화 시스템을 설계하고 프로그래밍하는 기술을 배우는 전공입니다.",융합 사고 / 시스템 제어 / HW·SW
인천,인천 부평구,자동차공학과,자동차전공,자동차계열,학위전공심화,12,야간,"자동차의 엔진, 섀시, 전기장치 등 주요 장치의 구조를 이해하고 정비 및 검사 기술을 익혀 차량의 성능과 안전을 최적의 상태로 유지하는 기술을 배우는 전공입니다.",구조 이해 / 원인 분석 / 기술 숙련
인천,인천 부평구,전기공학과,전기전공,전기계열,학위전공심화,12,야간,"발전소에서 생산된 전기를 가정과 산업 현장까지 안전하게 공급하기 위해 전기 설비를 설계, 시공, 운용하며 유지보수하는 기술을 배우는 전공입니다.",논리 추론 / 안전 의식 / 수리 감각
인천,인천 부평구,스마트팩토리과,스마트물류&로봇,자동화계열,하이테크과정,12,주간,"제품의 생산부터 보관, 운송까지의 전 과정을 사물인터넷(IoT)과 자동화 시스템으로 연결하여 물류 흐름을 실시간으로 최적화하는 기술을 배우는 전공입니다.",통합 관리 / 물류 분석 / 자동화
인천,인천 부평구,스마트팩토리과,스마트물류직종(s),자동화계열,하이테크과정,3,주간,"제품의 생산부터 보관, 운송까지의 전 과정을 사물인터넷(IoT)과 자동화 시스템으로 연결하여 물류 흐름을 실시간으로 최적화하는 기술을 배우는 전공입니다.",통합 관리 / 물류 분석 / 자동화
인천,인천 부평구,스마트금형과,초정밀사출금형전공,금형계열,2년제학위과정,12,주간,"플라스틱 원료를 가열·용해하여 고압으로 사출한 뒤, 정밀한 형상으로 냉각시켜 초미세 부품을 대량 생산하는 금형 제작 기술을 배우는 전공입니다.",수치 정밀 / 공간 지각 / 기술 완벽
인천,인천 부평구,스마트금형과,초정밀프레스금형전공,금형계열,2년제학위과정,12,주간,"마이크론($\mu m$) 단위의 오차도 허용하지 않는 초정밀 가공 기술을 통해 스마트폰, 반도체 등 첨단 제품의 핵심 부품을 대량 생산하는 금형 제작 기술을 배우는 전공입니다.",수치 정밀 / 공간 지각 / 기술 완벽
인천,인천 부평구,지능기계시스템과,제조로봇부품가공전공,기계계열,2년제학위과정,12,주간,"산업용 로봇이나 협동 로봇의 관절, 구동축 등 핵심 정밀 부품을 설계하고 CNC 장비를 활용해 오차 없이 깎아 만드는 기술을 배우는 전공입니다.",시스템 이해 / 프로그래밍 / 기계
인천,인천 부평구,지능기계시스템과,기계가공직종,기계계열,기능장,12,야간,"기계 부품의 도면을 해석하여 밀링, 선반 등 공작기계나 CNC 장비로 금속 재료를 정밀하게 깎고 다듬어 원하는 형상으로 제작하는 기술을 배우는 전공입니다.",공간 지각 / 수치 정밀 / 인내
인천,인천 부평구,AI정보통신과,지능형IoT전공,정보통신IT계열,2년제학위과정,12,주간,다양한 사물인터넷(IoT) 기기에서 수집된 데이터를 인공지능(AI)으로 분석하고 제어하여 스스로 최적화되는 스마트 시스템을 구축하는 기술을 배우는 전공입니다.,데이터 분석 / 시스템 연동 / 기술
인천,인천 부평구,AI정보통신과,5G이동통신전공,정보통신IT계열,2년제학위과정,12,주간,"초고속·초저지연·초연결을 특징으로 하는 5G 및 차세대 5G 통신 인프라의 핵심 원리를 이해하고,기지국과 코어망의 설계,구축,운용 및 인공지능 기반의 망 최적화 기술을 실무 중심으로 배우는 전공입니다.",논리 사고 / 네트워크 분석 / 융합
인천,인천 부평구,AI정보통신과,5G이동통신전공,정보통신IT계열,2년제학위과정,12,야간,"초고속·초저지연·초연결을 특징으로 하는 5G 및 차세대 6G 통신 인프라의 핵심 원리를 이해하고,기지국과 코어망의 설계,구축,운용 및 인공지능 기반의 망 최적화 기술을 실무 중심으로 배우는 전공입니다.",논리 사고 / 네트워크 분석 / 융합
인천,인천 부평구,스마트재료과,제조분석전공,신소재계열,2년제학위과정,12,주간,"금속, 세라믹, 고분자 등 원자재의 성분을 정밀하게 분석하여 제품 제조에 적합한 물리적·화학적 성질을 확보하고, 시제품 제작을 통해 최종 품질을 검증하는 기술을 배우는 전공입니다.",분석 사고 / 세심함 / 탐구
인천,인천 부평구,디지털융합제어과,디지털융합제어전공,정보통신IT계열,2년제학위과정,12,주간,"기존의 기계 제어 기술에 인공지능(AI), 사물인터넷(IoT), 빅데이터 등 ICT 기술을 접목하여 공장이나 시스템을 스스로 판단하고 움직이는 스마트 환경으로 최적화하는 기술을 배우는 전공입니다.",융합 사고 / 시스템 설계 / 해결
인천,인천 부평구,디지털융합제어과,디지털트윈직종,정보통신IT계열,하이테크과정,12,주간,"자동차 차체 도장, 정밀 분사, 광택 및 코팅 처리를 통해 차량 외관을 완성하는 기술을 배우는 전공입니다.",데이터 시각화 / 시스템 사고 / VR·AR
인천,인천 부평구,스마트전기자동차과,자동차시스템정비전공,자동차계열,2년제학위과정,12,야간,"자동차의 3대 핵심 요소인 엔진(동력), 섀시(제어), 전기·전자 장치를 유기적으로 연결하여 차량 전체를 하나의 시스템으로 진단하고 최적의 상태로 유지보수하는 기술을 배우는 전공입니다.",계통 사고 / 정밀 진단 / 해결
인천,인천 부평구,스마트전기자동차과,하이브리드전기자동차전공,자동차계열,2년제학위과정,12,주간,"내연기관의 엔진과 전기차의 배터리/모터 시스템을 동시에 이해하고,두 동력원이 유기적으로 작동하도록 제어하는 최적화 기술 및 시스템 정비를 배우는 전공입니다.",시스템 통합 / 정밀 제어 / 기계·전자
인천,인천 부평구,스마트전기자동차과,스마트자동차전공,자동차계열,2년제학위과정,12,주간,"자율주행 기술의 핵심인 각종 센서(LiDAR, Radar, Camera)와 데이터 통신 기술을 이해하고, 소프트웨어와 하드웨어를 결합하여 똑똑하게 스스로 움직이는 미래형 자동차의 제어 시스템을 설계·정비하는 전공입니다",융합 사고 / IT 적응 / 정밀 분석
인천,인천 부평구,스마트전기자동차과,자동차정비직종,자동차계열,기능장,12,야간,"내연기관 자동차부터 하이브리드, 전기자동차에 이르기까지 차량 전반의 구조를 이해하고, 첨단 진단 장비를 활용하여 엔진, 섀시, 전기·전자 장치의 고장 원인을 파악하고 수리하는 기술을 배우는 전공입니다.",문제 해결 / 기계 이해 / 꼼꼼
인천,인천 부평구,스마트전기자동차과,한국어교육,자동차계열,전문기술과정,12,주간,"자동차 구조, 전기차 배터리 제어, 정비 지침서 판독 등에 필요한 전공 용어를 익히고, 실제 정비 현장에서 의사소통할 수 있는 직무 맞춤형 한국어 구사 능력을 키우는 교육 과정입니다.",언어 습득 / 기술 이해 / 다문화
인천,인천 부평구,반도체시스템과,반도체장비시스템제어전공,반도체계열,2년제학위과정,12,주간,"반도체 장비의 원활한 구동을 위해 PLC, PC 제어 기반의 소프트웨어를 설계하고, 각종 센서와 구동 장치를 정밀하게 제어하여 장비의 성능을 최적화하는 기술을 배우는 전공입니다.",논리 추론 / 시스템 최적화 / 해결
인천,인천 부평구,반도체시스템과,반도체장비시스템개발직종,반도체계열,하이테크과정,12,주간,"반도체 제조 공정의 효율을 높이기 위해 장비의 기구 설계부터 전장 제어, 통신 인터페이스를 구축하고, 하드웨어와 소프트웨어를 최적화하여 설비의 통합 제어 시스템을 구축하는 기술을 배우는 전공입니다.",시스템 사고 / 정밀 제어 / 융합
인천,인천 부평구,반도체공정과,반도체소재전공,반도체계열,2년제학위과정,12,주간,"반도체 제조의 핵심인 웨이퍼, 감광액(PR), 가스, 연마제 등 다양한 소재의 화학적 특성을 이해하고, 고순도 소재의 정제 및 품질 관리 기술을 실무 중심으로 배우는 전공입니다.",화학 탐구 / 데이터 분석 / 공정
인천,인천 부평구,반도체공정과,반도체품질직종,반도체계열,하이테크과정,12,주간,"반도체 제조의 각 공정 단계에서 발생하는 데이터를 분석하여 불량의 원인을 파악하고, 일정한 품질 수준을 유지하기 위해 통계적 공정 제어(SPC)와 정밀 측정 장비를 운용하는 기술을 배우는 전공입니다.",데이터 분석 / 원칙 준수 / 관찰
인천,인천 부평구,모빌리티금형디자인과,모빌리티금형성형해석직종,금형계열,하이테크과정,12,주간,자동차와 모빌리티 부품을 대량 생산하기 위한 금형 내부의 재료 흐름과 변형을 컴퓨터 시뮬레이션으로 분석하여 제조 공정의 오류를 사전에 방지하는 최적화 기술을 배우는 전공입니다.,논리 추론 / 데이터 분석 / 치밀
인천,인천 부평구,반도체전자과,반도체설계및응용전공,반도체계열,2년제학위과정,12,주간,"반도체 회로의 구성 원리를 이해하고 설계 툴을 활용하여 실제 레이아웃을 작성하며, 이를 제어하기 위한 프로그래밍 및 시스템 응용 기술을 실무 중심으로 배우는 전공입니다.",치밀 분석 / 수리 사고 / 집요
인천,인천 부평구,반도체전자과,반도체설계및응용직종,반도체계열,하이테크과정,12,주간,"반도체 회로의 구성 원리를 이해하고 설계 툴을 활용하여 실제 레이아웃을 작성하며, 이를 제어하기 위한 프로그래밍 및 시스템 응용 기술을 실무 중심으로 배우는 전공입니다.",치밀 분석 / 수리 사고 / 집요
인천,인천 부평구,디지털디자인과,시각콘텐츠디자인전공,디자인계열,2년제학위과정,12,주간,"텍스트, 이미지, 색채를 조합하여 정보와 메시지를 시각적으로 전달하고, 인쇄 매체부터 디지털 광고까지 다양한 환경에 최적화된 콘텐츠를 기획·제작하는 기술을 배우는 전공입니다.",시각 문해 / 레이아웃 / 트렌드
인천,인천 부평구,디지털디자인과,3D그래픽디자인전공,디자인계열,2년제학위과정,12,주간,"3D 모델링 프로그램을 활용하여 입체적인 캐릭터와 배경을 제작하고, 질감(Mapping)과 조명(Lighting) 효과를 더해 생동감 넘치는 디지털 콘텐츠를 완성하는 기술을 배우는 전공입니다.",공간 지각 / 미적 감각 / 끈기
남인천,인천 미홀추구,스마트전기과,전기시스템제어직종,전기계열,신중년특화과정,6,주간,"시퀀스 제어와 PLC(Programmable Logic Controller)를 활용하여 자동화 설비를 구동하고, 산업 현장의 전기 시스템을 설계 및 유지보수하는 기술을 배우는 전공입니다.",논리 추론 / 안전 의식 / 분석
남인천,인천 미홀추구,스마트전기과,태양광발전설비직종,전기계열,전문기술과정,12,주간,"태양광 발전 패널의 설치부터 인버터 및 전력 변환 장치의 운용, 시스템 유지보수 및 안전 관리 기술을 배우는 전공입니다.",안전 의식 / 분석 사고 / 실무
남인천,인천 미홀추구,컴퓨터응용기계과,컴퓨터응용가공직종,기계계열,전문기술과정,12,주간,"CNC 선반, 머시닝센터 등 정밀 공작기계를 활용하여 도면 분석부터 프로그램 작성 및 제품 가공까지 전 과정을 배우는 전공입니다.",공학 수리 / 꼼꼼 / 공간 지각
남인천,인천 미홀추구,특수용접과,특수용접직종,산업설비계열,전문기술과정,12,주간,"다양한 금속 재료를 접합하기 위해 $CO_2$, TIG, 플라즈마 등 고난도 용접 기술을 익히고 산업 현장의 구조물을 제작하는 실무를 배우는 전공입니다.",고도 집중 / 인내심 / 손재주
남인천,인천 미홀추구,특수용접과,특수용접직종,산업설비계열,신중년특화과정,6,주간,"탄소강이나 스테인리스강 등 다양한 금속 재료를 결합하기 위해 TIG, 이산화탄소, 맞대기 용접 등 숙련된 접합 기술을 배우는 전공입니다.",고도 집중 / 끈기 / 손재주
남인천,인천 미홀추구,스마트표면처리과,반도체표면처리직종,개별특성화계열,2년제학위과정,12,주간,"금속이나 반도체 웨이퍼 표면에 물리적·화학적 처리를 가해 내식성, 전도성 및 미관을 개선하는 첨단 공정 기술을 배우는 전공입니다.",치밀 분석 / 화학 탐구 / 공정
남인천,인천 미홀추구,항공MRO과,항공MRO직종,항공계열,하이테크과정,12,주간,"항공기의 안전한 운항을 위해 기체, 엔진, 전자장비를 정비하고 부품을 수리하거나 개조하는 고도의 기술력을 배우는 전공입니다.",준법 정신 / 수리 감각 / 책임
남인천,인천 미홀추구,로봇시스템과,지능형로봇직종,전자계열,전문기술과정,12,주간,"로봇 설계, 제어 소프트웨어 개발 및 센서 기술을 융합하여 스스로 판단하고 움직이는 지능형 로봇의 설계와 운용 실무를 배우는 전공입니다.",융합 사고 / 분석 추론 / 도전
남인천,인천 미홀추구,전기자동차과,자동차튜닝엔지니어직종,자동차계열,신중년특화과정,6,주간,자동차의 성능 향상을 위한 엔진 및 드레스업 튜닝 기술과 함께 관련 법규를 준수하는 안전한 커스텀 설계 및 시공법을 배우는 전공입니다.,미적 감각 / 법규 준수 / 호기심
남인천,인천 미홀추구,전기자동차과,자동차정비(새시·엔진·장치)직종,자동차계열,전문기술과정,12,주간,"내연기관 자동차의 핵심 장치인 엔진과 섀시의 메커니즘을 이해하고, 최신 전기차의 고전압 시스템과 장치들을 진단·정비하는 실무 기술을 배우는 전공입니다.",기계 탐구 / 세밀 관찰 / 문제 해결
남인천,인천 미홀추구,스마트기계설계과,스마트팩토리시스템설계직종,기계설계계열,하이테크과정,12,주간,4차 산업혁명 시대에 맞춰 지능형 자동화 생산 라인을 기획하고 3D CAD/CAE를 활용해 효율적인 스마트 팩토리 시스템을 구축하는 기술을 배우는 전공입니다.,논리 사고 / 창의 해결 / 디지털
남인천,인천 미홀추구,특수용접설비과,특수용접설비직종,산업설비계열,전문기술과정,12,주간,산업 현장의 핵심인 다양한 첨단 용접 기술과 설비 유지보수 능력을 배우는 전공입니다.,정밀 / 인내 / 공간 지각
남인천,인천 미홀추구,특수용접설비과,특수용접설비직종,산업설비계열,신중년특화과정,6,주간,산업 현장의 핵심인 다양한 첨단 용접 기술과 설비 유지보수 능력을 배우는 전공입니다.,정밀 / 인내 / 공간 지각
화성,경기 화성시,자동차도장과,자동차도장직종,개별특성화계열,전문기술과정,12,주간,"자동차 차체의 부식 방지와 심미성 향상을 위해 표면을 다듬고, 도료를 정밀하게 분사하여 균일한 도막을 형성하며 광택 및 코팅 처리를 통해 외관을 완성하는 기술을 배우는 전공입니다.",색채 감각 / 완벽주의 / 인내
화성,경기 화성시,산업설비과,특수용접직종,산업설비계열,전문기술과정,12,주간,"가스, 아크, TIG(티그), MIG(미그) 등 다양한 열원을 활용하여 금속 재료를 영구적으로 결합하고, 고압 용기나 플랜트 설비를 완벽하게 구축하는 기술을 배우는 전공입니다.",공간 지각 / 신체 인내 / 정밀 기술
화성,경기 화성시,스마트전기과,전기시스템제어직종,전기계열,전문기술과정,12,주간,"전기 설비의 운용과 관리를 위해 전력 변환 기술과 PLC 및 시퀀스 제어 시스템을 설계하고, 효율적인 전력 공급과 장치 제어를 위한 실무 기술을 배우는 전공입니다.",치밀함/논리력/현장성
화성,경기 화성시,스마트전기과,소방설비전기직종,전기계열,전문기술과정,12,주간,"화재로부터 인명과 재산을 보호하기 위해 소방 관련 법규를 바탕으로 화재 감지 및 경보 시스템, 피난 설비 등 소방 전기 시설의 설계, 시공 및 유지관리 기술을 배우는 전공입니다.",사명감/치밀함/판단력
화성,경기 화성시,귀금속모델링과,보석디자인직종,개별특성화계열,전문기술과정,12,주간,"장신구의 예술적 가치를 높이기 위해 창의적인 아이디어를 바탕으로 보석과 귀금속을 디자인하고, 3D 모델링과 정밀 가공 기술을 활용하여 실제 제품으로 구현하는 공정 전반을 배우는 전공입니다.",미적감각/섬세함/표현력
화성,경기 화성시,주얼리목공예과,보석디자인직종,개별특성화계열,전문기술과정,12,주간,"귀금속과 보석뿐만 아니라 목공예 기술을 융합하여 독창적인 장신구 및 공예품을 기획하고, 핸드메이드 기법과 현대적인 가공 기술을 통해 예술성과 실용성을 겸비한 제품을 제작하는 기술을 배우는 전공입니다.",심미안/정교함/융합
화성,경기 화성시,스마트표면처리과,반도체표면처리직종,개별특성화계열,전문기술과정,12,주간,"반도체 및 전자부품의 성능과 신뢰성을 높이기 위해 초정밀 도금, 에칭, 박막 증착 등 첨단 화학 공법을 활용하여 소재 표면에 기능성을 부여하는 기술을 배우는 전공입니다.",치밀함/분석력/탐구심
화성,경기 화성시,스마트자동차과,스마트자동차직종,자동차계열,기능장,12,야간,"내연기관 자동차의 핵심 정비 기술은 물론 전기차, 수소차와 같은 미래형 자동차의 전자 제어 시스템과 자율주행 관련 부품을 점검하고 유지관리하는 첨단 기술을 배우는 전공입니다.",분석력/적응력/섬세함
화성,경기 화성시,스마트자동차과,자동차정비(새시·엔진·장치)직종,자동차계열,하이테크과정,10,주간,"자동차의 심장인 엔진과 주행 성능을 결정하는 새시, 각종 편의 및 안전 장치들을 정밀하게 진단하고 분해·조립하여 최적의 차량 상태를 유지하는 기계적 메커니즘 전반을 배우는 전공입니다.",치밀함/문제해결/끈기
화성,경기 화성시,반도체표면처리과,반도체표면처리직종,개별특성화계열,전문기술과정,12,주간,반도체의 고집적화와 신뢰성 확보를 위해 웨이퍼 및 기판 표면에 특수 금속 층을 입히거나 불순물을 제거하는 초정밀 습식 공정과 전기화학적 제어 기술을 배우는 전공입니다.,정밀함/관찰력/전문성
화성,경기 화성시,스마트기계과,기계설계제작직종,기계계열,전문기술과정,12,주간,"컴퓨터 가공 기술과 설계 소프트웨어를 활용하여 제품의 형상을 구체화하고, 실제 공작기계를 운용하여 정밀한 기계 부품이나 장치를 직접 제작하는 실무 과정을 배우는 전공입니다.",공간지각/꼼꼼함/실천력
광명,경기 광명시,데이터분석과,빅데이터분석및UI전문가직종,정보통신IT계열,하이테크과정,10,주간,"방대한 데이터를 수집·분석하여 유의미한 통찰을 도출하고, 이를 사용자가 직관적으로 이해하고 편리하게 이용할 수 있도록 시각화 및 사용자 인터페이스(UI)를 설계·구현하는 기술을 배우는 전공입니다.",분석적 사고/사용자 중심/시각화 감각
광명,경기 광명시,전기에너지시스템과,태양에너지직종,전기계열,하이테크과정,10,주간,"태양광 발전 시스템의 효율적인 운영을 위해 태양전지 모듈과 인버터 등 주요 설비를 설계·시공하고, 신재생에너지 전력망의 유지보수 및 안전 관리 기술을 배우는 전공입니다.",공익력/분석력/현장대응력
광명,경기 광명시,3D제품설계과,3D프린터운용직종,디자인계열,하이테크과정,10,주간,"3D 모델링 소프트웨어를 활용하여 아이디어를 디지털 도면으로 설계하고, 다양한 소재의 3D 프린터를 조작·관리하며 시제품을 정교하게 출력 및 후가공하는 기술 전반을 배우는 전공입니다.",공간지각/실행력/섬세함
광명,경기 광명시,증강현실시스템과,VR/AR콘텐츠개발직종,미디어계열,하이테크과정,10,주간,"가상현실(VR)과 증강현실(AR) 환경을 구현하기 위해 유니티나 언리얼 같은 게임 엔진을 활용하여 실감형 콘텐츠를 기획하고, 상호작용이 가능한 인터랙티브 시스템을 프로그래밍하는 기술을 배우는 전공입니다.",공간 구성력/기술 융합/상상력
광명,경기 광명시,바이오의약시스템과,바이오의약품생산직종,바이오계열,하이테크과정,10,주간,"생물체나 유전공학 기술을 이용해 질병 치료용 의약품을 제조하기 위해 미생물 및 세포 배양, 정제 공정을 운영하고 품질관리 기준(GMP)에 맞춰 안전한 제품을 생산하는 기술을 배우는 전공입니다.",윤리의식/치밀함/관찰력
춘천,강원 춘천시,스마트제품디자인과,스마트제품디자인전공,디자인계열,2년제학위과정,12,주간,"사용자의 라이프스타일과 첨단 기술을 결합하여 혁신적인 제품을 기획하고, 2D·3D 디자인 소프트웨어를 활용해 외형 설계부터 인터페이스 디자인까지 아우르는 실무 중심의 조형 기술을 배우는 전공입니다.",트렌드 감각/사용자 공감/조형 능력
춘천,강원 춘천시,미디어콘텐츠과,멀티미디어콘텐츠제작직종,미디어계열,전문기술과정,12,주간,"영상, 그래픽, 음향 등 다양한 미디어 요소를 창의적으로 기획 및 편집하고, 최신 디지털 도구를 활용하여 유튜브, SNS, 광고 등 플랫폼에 최적화된 고품질의 실감형 콘텐츠를 만드는 기술을 배우는 전공입니다.",창의성/감각/적응력
춘천,강원 춘천시,미디어콘텐츠과,영상문화콘텐츠전공,미디어계열,2년제학위과정,12,주간,"영화, 드라마, 다큐멘터리 등 다양한 영상 장르의 기획과 연출부터 촬영, 편집, 후반 제작(VFX)까지 이르는 전 과정을 체계적으로 수행하여 예술성과 대중성을 갖춘 전문 영상 콘텐츠를 제작하는 기술을 배우는 전공입니다.",스토리텔링/협업 능력/표현력
춘천,강원 춘천시,산업설비과,열냉동설비직종,산업설비계열,전문기술과정,12,주간,"쾌적한 실내 환경과 산업 공정을 위해 건축물 및 공장의 냉난방 시스템, 냉동 장치, 공조 설비를 설계하고 효율적인 에너지 관리를 위한 시공 및 유지보수 기술을 배우는 전공입니다.",정밀함/분석적 사고/책임감
춘천,강원 춘천시,산업설비과,복합에너지설비전공,산업설비계열,2년제학위과정,12,주간,"화석 연료와 신재생에너지를 융합한 시스템을 구축하기 위해 보일러, 공조 설비, 태양열 등 다양한 에너지 장치의 설계와 시공 및 효율적인 통합 제어 기술을 배우는 전공입니다.",융합적 사고/치밀함/현장대응력
춘천,강원 춘천시,전기과,전기시스템제어직종,전기계열,전문기술과정,12,주간,"산업 현장의 자동화 설비를 운용하기 위해 전력 변환 기술과 PLC, 시퀀스 제어 시스템을 설계하고, 효율적인 전력 공급과 장치 제어를 위한 실무 기술을 배우는 전공입니다.",논리력/치밀함/현장대응력
춘천,강원 춘천시,전기과,신재생에너지전공,전기계열,2년제학위과정,12,주간,"태양광, 풍력 등 자연 에너지를 전력으로 변환하는 발전 설비의 설계와 시공은 물론, 스마트 그리드와 에너지 저장 장치(ESS)를 활용한 효율적인 전력 계통 운영 기술을 배우는 전공입니다.",미래지향적/분석력/책임감
춘천,강원 춘천시,전기과,스마트조명전공,전기계열,2년제학위과정,12,주간,"에너지 효율을 극대화하기 위해 사물인터넷(IoT) 기술과 LED 제어 시스템을 결합하여 지능형 조명 환경을 설계하고, 자동 제어 회로의 시공 및 유지보수 기술을 배우는 전공입니다.",감각/융합적 사고/세심함
춘천,강원 춘천시,산업디자인과,스마트제품디자인전공,디자인계열,2년제학위과정,12,주간,"사용자의 행동 패턴과 최신 기술 트렌드를 분석하여 제품의 외형을 조형적으로 설계하고, 3D 모델링과 렌더링 기술을 활용해 기능성과 심미성을 갖춘 지능형 제품을 기획·디자인하는 과정을 배우는 전공입니다.",창의성/관찰력/융합적 사고
춘천,강원 춘천시,인공지능SW융합과,인공지능SW융합전공,정보통신IT계열,2년제학위과정,12,주간,"빅데이터 분석과 딥러닝 알고리즘 등 핵심 AI 기술을 습득하고, 이를 다양한 산업 현장의 소프트웨어 개발 공정에 접목하여 지능형 서비스를 구현하는 실무 능력을 배우는 전공입니다.",논리력/탐구심/유연성
춘천,강원 춘천시,인공지능SW융합과,인공지능데이터직종,정보통신IT계열,하이테크과정,12,주간,"인공지능 모델의 성능을 결정짓는 핵심 자산인 데이터를 수집·가공하여 학습용 데이터셋으로 구축하고, 데이터 마이닝 기술을 활용해 유의미한 정보를 추출·분석하는 실무를 배우는 전공입니다.",치밀함/분석적 사고/인내심
춘천,강원 춘천시,전기자동차과,전기자동차정비직종,자동차계열,전문기술과정,12,주간,"고전압 배터리와 구동 모터 등 친환경 자동차의 핵심 시스템을 점검하고, 전용 진단 장비를 활용하여 전기적 회로의 고장 진단 및 부품 교체 등 미래 모빌리티의 유지보수 기술을 배우는 전공입니다.",안전의식/분석력/학습 의지
춘천,강원 춘천시,바이오의약공정과,바이오의약생산전공,바이오계열,2년제학위과정,12,주간,"첨단 바이오 기술을 바탕으로 백신이나 항체 의약품을 안전하게 제조하기 위해 미생물·동물세포의 배양과 정제, 완제 공정을 운영하고 엄격한 품질관리 기준을 실무에 적용하는 기술을 배우는 전공입니다.",원칙 준수/치밀함/관찰력
춘천,강원 춘천시,바이오의약공정과,바이오의약분석직종,바이오계열,하이테크과정,12,주간,"바이오의약품의 안전성과 유효성을 검증하기 위해 첨단 분석 장비를 활용하여 제품의 성분, 함량, 순도 및 미생물 시험 등 다양한 품질 분석 기술과 국제 가이드라인에 따른 데이터 관리 실무를 배우는 전공입니다.",정밀함/객관성/성실함
원주,강원 원주시,에너지설비과,에너지설비직종,산업설비계열,전문기술과정,12,주간,"산업체나 건축물에서 사용하는 열원 공급 설비, 냉난방 공조 시스템, 소방 및 위생 설비의 효율적인 운영을 위해 설계, 시공, 정비 및 에너지 관리 기술을 배우는 전공입니다.",책임감/실무형 사고/치밀함
원주,강원 원주시,의료공학과,의료기기설계직종,개별특성화계열,하이테크과정,12,주간,인체의 생리학적 특성을 바탕으로 의료용 기기 및 장비를 개발하기 위해 2D·3D 설계 소프트웨어와 임베디드 제어 기술을 활용하여 기구 설계부터 회로 구성까지 전반적인 하드웨어를 구현하는 기술을 배우는 전공입니다.,윤리의식/복합적 사고/정밀함
원주,강원 원주시,의료공학과,의료공학전공,개별특성화계열,2년제학위과정,12,주간,"첨단 의료 장비의 안정적인 운용을 위해 의료기기의 하드웨어와 소프트웨어 시스템을 이해하고, 생체 신호 계측 기술을 바탕으로 병원 및 연구소 설비의 유지보수와 품질관리를 수행하는 기술을 배우는 전공입니다.",분석력/책임감/탐구심
원주,강원 원주시,의료공학과,보건의료전자직종,개별특성화계열,전문기술과정,12,주간,"의료 현장에서 사용되는 정밀 전자 장비의 핵심인 회로 설계와 임베디드 시스템 기술을 습득하고, 생체 신호 처리 및 의료 정보 통신 기술을 활용하여 지능형 보건의료 기기를 제작하고 관리하는 기술을 배우는 전공입니다.",정밀함/논리적 사고/융합 역량
원주,강원 원주시,산업설비과,특수용접직종,산업설비계열,전문기술과정,12,주간,"원자력, 조선, 항공우주 등 고도의 신뢰성이 요구되는 산업 현장에서 금속 재료의 특성에 맞춰 TIG, 미그(MIG), 마그(MAG) 등 첨단 장비를 이용해 정밀하게 금속을 접합하는 기술을 배우는 전공입니다.",집중력/정밀함/전문성
원주,강원 원주시,전기제어과,내선공사직종,전기계열,전문기술과정,12,주간,"건축물 내부의 안정적인 전력 공급을 위해 조명, 콘센트, 동력 설비 등의 배관과 배선을 시공하고, 분전반 설치 및 전기 설비의 시험 검사를 통해 안전한 전기 환경을 구축하는 실무를 배우는 전공입니다.",꼼꼼함/책임감/공간지각력
원주,강원 원주시,전기제어과,전기시스템제어직종,전기계열,전문기술과정,12,주간,"산업 현장의 생산 라인을 자동으로 움직이기 위해 전력 변환 장치와 PLC, 시퀀스 제어 회로를 설계 및 구성하고, 시스템의 안정적인 운용을 위한 유지보수 기술을 배우는 전공입니다.",논리적 사고/치밀함/실천력
원주,강원 원주시,컴퓨터응용기계과,컴퓨터응용기계전공,기계계열,2년제학위과정,12,주간,"CAD/CAM 소프트웨어를 활용하여 정밀한 기계 부품을 설계하고, CNC 선반이나 머시닝센터 같은 자동화 공작기계를 프로그래밍하여 금속 재료를 정밀하게 가공하는 기술을 배우는 전공입니다.",정밀함/공간지각력/논리적 사고
원주,강원 원주시,기계시스템과,기계시스템정비직종,기계계열,전문기술과정,12,주간,"산업체 생산 설비의 가동 효율을 높이기 위해 기계 장치의 기계적 요소와 공유압 제어 시스템을 점검하고, 고장 진단 및 부품 교체 등 설비 유지보수 전반에 필요한 실무 기술을 배우는 전공입니다.",분석력/책임감/실천력
원주,강원 원주시,기계시스템과,기계시스템제어직종,기계계열,전문기술과정,12,주간,"자동화된 생산 라인의 효율적 운용을 위해 기계 장치에 전기·전자 제어 기술과 PLC 프로그래밍을 접목하여 시스템을 설계하고, 실시간 모니터링 및 최적화된 제어 환경을 구축하는 기술을 배우는 전공입니다.",논리적 사고/문제 해결 능력/융합적 태도
강릉,강원 강릉시,스마트자동차과,자동차정비(새시·엔진·장치)직종,자동차계열,전문기술과정,12,주간,"내연기관 자동차의 핵심인 엔진과 동력 전달 장치, 그리고 주행 안전을 책임지는 새시 및 각종 편의 장치의 구조를 이해하고 정밀 진단 장비를 활용하여 차량의 고장 수리와 성능 유지를 수행하는 실무 기술을 배우는 전공입니다.",분석력/책임감/실천력
강릉,강원 강릉시,호텔관광과,국제관광마케팅직종,개별특성화계열,일반계고위탁과정,12,주간,"글로벌 관광 트렌드 분석을 바탕으로 차별화된 관광 상품을 기획하고, 디지털 매체와 외국어 역량을 활용하여 국내외 관광객 유치를 위한 홍보 전략 및 고객 서비스 실무를 배우는 전공입니다.",트렌드 감각/소통 역량/분석적 사고
강릉,강원 강릉시,발전설비과,특수용접직종,산업설비계열,신중년특화과정,6,주간,"발전소의 핵심인 고온·고압 보일러와 터빈, 배관 설비의 안전성을 확보하기 위해 티그(TIG)와 같은 고난도 용접 기술을 활용하여 특수 합금 및 금속 재료를 정밀하게 접합하고 검사하는 실무를 배우는 전공입니다.",완벽주의/인내심/안전의식
강릉,강원 강릉시,발전설비과,설비보전직종,산업설비계열,전문기술과정,12,주간,"에너지 생산의 핵심인 발전 설비가 중단 없이 가동될 수 있도록 기계 장치의 상태를 상시 모니터링하고, 진동이나 소음 분석을 통해 고장 징후를 사전에 포착하여 정비 및 유지보수를 수행하는 기술을 배우는 전공입니다.",분석력/성실함/위기관리
강릉,강원 강릉시,발전설비과,열냉동기계직종,산업설비계열,전문기술과정,12,주간,"에너지 효율을 극대화하기 위해 산업용 보일러와 냉동공조 설비의 열역학적 원리를 이해하고, 시스템의 설계, 시공 및 자동제어 장치 유지보수를 통해 쾌적한 환경과 최적의 열원을 공급하는 기술을 배우는 전공입니다.",책임감/실무적 해결력/치밀함
강릉,강원 강릉시,발전설비과,발전설비정비전공,산업설비계열,2년제학위과정,12,주간,"국가 기간 산업인 발전소의 안정적인 전력 생산을 위해 증기 터빈, 보일러, 펌프 등 대형 회전 기계와 부속 설비의 구조를 이해하고 정밀 진단 및 분해·조립을 통한 최적의 성능 유지 기술을 배우는 전공입니다.",책임감/기술적 분석력/실천력
강릉,강원 강릉시,산업잠수과,산업잠수전공,산업설비계열,2년제학위과정,12,주간,"수중 용접 및 절단, 수중 촬영, 구조물 검사 등 해양 및 내수면 산업 현장의 특수한 환경에서 임무를 수행하기 위해 잠수 이론과 장비 운용 능력을 갖춘 전문 산업잠수 기술을 배우는 전공입니다.",강인한 정신력/안전의식/협동심
강릉,강원 강릉시,전기제어과,전기시스템제어직종,전기계열,전문기술과정,12,주간,"산업 현장의 생산 라인을 자동으로 제어하기 위해 PLC와 시퀀스 회로를 설계하고, 전력 변환 장치와 스마트 팩토리 시스템의 안정적인 운용 및 유지보수 기술을 배우는 전공입니다.",논리적 사고/치밀함/실천력
강릉,강원 강릉시,전기제어과,신재생하이브리드시스템직종,전기계열,하이테크과정,12,주간,"태양광, 풍력 등 신재생 에너지 발전 설비와 에너지 저장 장치(ESS)를 효율적으로 결합한 하이브리드 시스템의 설계, 시공 및 스마트 그리드 통합 제어 기술을 배우는 전공입니다.",미래지향적 사고/창의적 문제 해결/시스템적 통찰력
강릉,강원 강릉시,산업안전ICT과,산업안전정보통신직종,전자계열,전문기술과정,12,주간,"산업 현장의 안전사고를 예방하기 위해 IoT 센서, CCTV, 무선 통신망 등 ICT 기술을 활용한 안전 모니터링 시스템을 구축하고 스마트 안전 장비를 운용·관리하는 기술을 배우는 전공입니다.",경각심/디지털 리터러시/문제 해결 능력
대전,대전 동구,스마트소프트웨어과,스마트소프트웨어직종,정보통신IT계열,하이테크과정,12,주간,"사용자의 요구사항을 분석하여 웹과 모바일 환경에 최적화된 애플리케이션을 기획하고, 최신 프로그래밍 언어와 데이터베이스 기술을 활용하여 지능형 소프트웨어 시스템을 설계 및 구현하는 기술을 배우는 전공입니다.",논리적 사고/지속적 학습 의지/협업 능력
대전,대전 동구,영상디자인과,UHD영상전공,미디어계열,2년제학위과정,12,주간,"초고화질 UHD 방송 및 디지털 미디어 환경에 맞춰 고사양 촬영 장비와 편집 소프트웨어를 활용하여 감각적인 영상 콘텐츠를 기획, 촬영, 후반 제작까지 수행하는 실무 기술을 배우는 전공입니다.",예술적 감각/기술 수용성/몰입도
대전,대전 동구,영상디자인과,가상현실콘텐츠제작직종,미디어계열,하이테크과정,12,주간,"VR/AR 기기를 통해 몰입감 있는 경험을 제공하기 위해 3D 그래픽 모델링, 인터랙티브 엔진 프로그래밍, 특수 효과를 활용하여 가상 세계의 콘텐츠를 기획하고 제작하는 기술을 배우는 전공입니다.",공간 구성력/창의적 사고/기술 융합 역량
대전,대전 동구,전기전자제어과,전기시스템제어전공,전기계열,2년제학위과정,12,주간,"산업 자동화의 핵심인 전기 회로 설계와 PLC 제어, 로봇 및 지능형 시스템 운용 기술을 바탕으로 복잡한 생산 공정을 효율적으로 제어하고 유지보수하는 실무 능력을 배우는 전공입니다.",분석적 사고/세밀함/응용력
대전,대전 동구,전기전자제어과,신재생에너지직종,전기계열,하이테크과정,12,주간,"태양광, 풍력, 수소 연료전지 등 친환경 에너지 발전 시스템의 원리를 이해하고, 전력 변환 및 저장 장치(ESS)의 설계, 시공, 운영 관리에 필요한 실무 기술을 배우는 전공입니다.",미래지향적 태도/현장 실천력/데이터 분석력
대전,대전 동구,정보통신시스템과,네트워크플랫폼전공,정보통신IT계열,2년제학위과정,12,주간,"초연결 사회의 인프라 구축을 위해 라우터와 스위치 등 네트워크 장비 운영 기술부터 클라우드 컴퓨팅, 가상화 서버 구축 및 보안 플랫폼 관리 실무를 통합적으로 배우는 전공입니다.",논리적 사고/치밀함/지속적 학습 의지
대전,대전 동구,정보통신시스템과,통신시스템전공,정보통신IT계열,2년제학위과정,12,주간,"유·무선 통신망의 기초 인프라 설계부터 광통신, 이동통신 장비 구축 및 전송 매체 운영을 통해 고품질의 데이터 통신 서비스를 제공하고 관리하는 실무 기술을 배우는 전공입니다.",정밀함/책임감/문제 해결 능력
대전,대전 동구,기계시스템과,시제품제작전공,기계계열,2년제학위과정,12,주간,"아이디어를 실제 제품으로 구현하기 위해 3D 모델링과 정밀 가공 기술을 바탕으로 금속 및 비금속 재료를 활용하여 시제품의 설계부터 제작, 검사까지의 전 과정을 배우는 전공입니다.",창의적 실행력/꼼꼼함/문제 해결 능력
대전,대전 동구,기계시스템과,정밀부품가공전공,기계계열,2년제학위과정,12,주간,"고도화된 산업 기계의 핵심 부품을 생산하기 위해 CNC 선반, 머시닝센터 등 정밀 공작기계를 활용하여 금속 재료를 마이크로 단위의 정밀도로 깎고 다듬는 수치 제어 가공 및 품질 관리 기술을 배우는 전공입니다.",치밀함/논리적 사고/끈기
대전,대전 동구,녹색산업설비과,수처리플랜트설비전공,산업설비계열,2년제학위과정,12,주간,"깨끗한 물 공급과 환경 보호를 위해 상하수도 및 산업 폐수 처리 시설의 기계 설비를 설계, 시공하고 수질 관리 시스템을 효율적으로 운용 및 유지보수하는 환경 에너지 기술을 배우는 전공입니다.",환경 의식/치밀함/실무적 판단력
대전,대전 동구,녹색산업설비과,신재생에너지설비전공,산업설비계열,2년제학위과정,12,주간,"지속 가능한 환경을 위해 태양광, 지열, 풍력 등 신재생 에너지 발전 설비의 기계적 구조를 이해하고, 탄소 중립 실현을 위한 에너지 시스템의 설계, 시공 및 효율적인 유지관리 실무를 배우는 전공입니다.",환경 친화적 가치관/현장 적응력/세심함
대전,대전 동구,녹색산업설비과,공조냉동직종,산업설비계열,신중년특화과정,6,주간,"건물과 산업 현장의 쾌적한 환경을 유지하기 위해 공기 조화 장치와 냉동 설비의 열역학적 원리를 바탕으로 시스템을 설계, 시공하며 에너지 효율을 높이기 위한 유지보수 기술을 배우는 전공입니다.",책임감/실용적 분석력/꼼꼼함
대전,대전 동구,스마트로봇자동화과,ICT자동화,자동화계열,2년제학위과정,12,주간,"지능형 공장을 구현하기 위해 산업용 로봇과 자동화 설비에 ICT 기술을 접목하여 실시간 데이터를 수집하고, 시스템 간의 유기적인 연결과 통합 제어 솔루션을 구축하는 기술을 배우는 전공입니다.",융복합적 사고/데이터 중심 태도/호기심과 탐구심
대전,대전 동구,스마트로봇자동화과,ICT로봇,자동화계열,2년제학위과정,12,주간,"인간과 로봇이 공존하는 시대를 대비하여 산업용 로봇 및 협동 로봇의 기구부 설계와 제어 알고리즘을 개발하고, 인공지능과 사물인터넷 기술을 융합하여 스스로 판단하고 움직이는 지능형 로봇 시스템 제작 기술을 배우는 전공입니다.",창의적 설계/논리적 제어/도전 정신
대전,대전 동구,산업설비과,신재생에너지설비전공,산업설비계열,2년제학위과정,12,주간,"기후 위기 대응을 위한 태양광, 지열, 풍력 등 친환경 에너지 설비의 기계적 시스템을 이해하고, 효율적인 에너지 공급을 위한 배관 시공 및 시스템 유지관리 실무를 배우는 전공입니다.",환경 의식/현장 실천력/기술적 꼼꼼함
대전,대전 동구,산업설비과,에너지관리직종,산업설비계열,신중년특화과정,6,주간,"산업체와 건물의 에너지 효율을 극대화하기 위해 보일러, 공조 설비, 열교환기 등 각종 열사용 기자재의 설치 및 시공과 안전한 에너지 운용을 위한 유지보수 기술을 배우는 전공입니다.",책임감/효율성 중심 사고/실무적 꼼꼼함
대전,대전 동구,산업설비과,공조냉동설비전공,산업설비계열,2년제학위과정,12,주간,"쾌적한 실내 환경과 산업 공정을 위해 공기 조화 시스템 및 냉동 장치의 열역학적 원리를 이해하고, 설비의 설계, 시공, 시운전 및 에너지 효율적인 유지관리 기술을 배우는 전공입니다.",책임감/논리적 분석력/정밀함
대전,대전 동구,AI융합과,AIoT전공,정보통신IT계열,2년제학위과정,12,주간,"사물인터넷(IoT)을 통해 수집된 데이터를 인공지능(AI)으로 분석하고 제어하기 위해, 하드웨어 센서 제어부터 클라우드 데이터 처리 및 딥러닝 모델 구현까지의 지능형 서비스 구축 기술을 배우는 전공입니다.",융합적 사고/데이터 분석력/실천적 탐구심
대전,대전 동구,스마트자동화과,ICT자동화전공,자동화계열,2년제학위과정,12,주간,제조 현장의 지능화를 위해 PLC와 산업용 로봇 제어 기술에 ICT 네트워크를 접목하여 실시간 데이터 기반의 자동화 공정을 설계하고 스마트 팩토리 시스템을 통합 운영하는 기술을 배우는 전공입니다.,통합적 사고/정교함/기술 수용성
대전,대전 동구,스마트자동화과,ICT로봇전공,자동화계열,2년제학위과정,12,주간,"첨단 제조 환경에 필요한 산업용 로봇과 협동 로봇의 운용을 위해 로봇 기구학 및 제어 프로그래밍을 익히고, ICT 기술을 융합하여 스스로 판단하고 동작하는 지능형 로봇 시스템을 구축하는 실무를 배우는 전공입니다.",창의적 문제 해결/논리적 제어 역량/도전 정신
대전,대전 동구,메타버스콘텐츠과,메타버스콘텐츠직종,미디어계열,하이테크과정,12,주간,"현실과 가상이 결합된 디지털 세계를 구현하기 위해 3D 에셋 제작, 메타버스 플랫폼 활용 능력, 인터랙티브한 실감형 콘텐츠의 기획 및 개발 전 과정을 배우는 전공입니다.",디지털 상상력/사용자 중심 사고/트렌드 민감성
대전,대전 동구,인공지능과,AIoT전공,정보통신IT계열,2년제학위과정,12,주간,"모든 사물이 지능적으로 연결되는 환경을 만들기 위해 하드웨어 센서 제어와 임베디드 프로그래밍을 기초로, 수집된 데이터를 인공지능 알고리즘으로 분석하고 최적화하는 지능형 사물인터넷 서비스 구현 기술을 배우는 전공입니다.",융합적 사고/데이터 분석력/실천적 탐구심
대전,대전 동구,인공지능과,인공지능SW직종,정보통신IT계열,하이테크과정,12,주간,"빅데이터를 활용한 머신러닝 및 딥러닝 모델의 설계와 학습을 기반으로, 다양한 산업 현장에서 실제로 작동하는 AI 알고리즘을 개발하고 이를 웹이나 앱 서비스에 통합하는 소프트웨어 구현 기술을 배우는 전공입니다.",논리적 사고/지적 호기심/끈기
대전,대전 동구,클라우드보안과,데이터센터보안관리직종,정보통신IT계열,하이테크과정,12,주간,"기업의 핵심 자산인 데이터를 보호하기 위해 클라우드 인프라와 데이터센터의 네트워크 망을 구축하고, 각종 사이버 위협으로부터 시스템을 방어하기 위한 보안 관제 및 통합 보안 솔루션 운영 기술을 배우는 전공입니다.",철저한 윤리의식/분석적 사고/침착함과 신속성
대전,대전 동구,클라우드보안과,데이터센터보안운영전공,정보통신IT계열,2년제학위과정,12,주간,"클라우드 기반의 데이터센터 인프라를 안정적으로 유지하기 위해 서버 및 네트워크 시스템을 구축하고, 365일 실시간 모니터링을 통해 외부 침입 방어와 장애 대응 등 전반적인 보안 가동 상태를 관리하는 기술을 배우는 전공입니다.",책임감과 성실함/위기 관리 능력/세밀한 관찰력
대전,대전 동구,반도체장비제어과,반도체장비제어전공,반도체계열,2년제학위과정,12,주간,"반도체 제조 공정의 핵심인 자동화 장비가 정밀하게 작동할 수 있도록 PLC, 센서, 서보 모터 등을 활용하여 장비의 제어 시스템을 설계, 제작하고 최적의 가동 상태를 유지보수하는 기술을 배우는 전공입니다.",기술적 정교함/논리적 문제 해결/적응력
대전,대전 동구,반도체장비제어과,반도체장비SW개발직종,반도체계열,하이테크과정,12,주간,"반도체 제조 공정 장비의 지능형 운영을 위해 C#, C++ 등의 언어를 기반으로 장비 제어 알고리즘을 설계하고, 실시간 공정 모니터링 및 데이터 통신을 위한 인터페이스 소프트웨어를 개발하는 기술을 배우는 전공입니다.",논리적 구조화/정밀한 분석력/기술 융합 의지
대전,대전 동구,반도체장비제어과,스마트팩토리운용직종,반도체계열,일반계고위탁과정,12,주간,"반도체 및 첨단 제조 현장의 생산성을 높이기 위해 자동화 라인의 설비를 통합 제어하고, 사물인터넷(IoT)과 데이터를 활용하여 공정 모니터링 및 최적의 생산 환경을 관리하는 기술을 배우는 전공입니다.",시스템적 사고/데이터 활용 능력/유연한 대응력
대전,대전 동구,반도체융합기계과,반도체장비부품제작전공,반도체계열,2년제학위과정,12,주간,반도체 제조 장비에 들어가는 초정밀 부품을 구현하기 위해 CAD/CAM을 활용한 설계 기술과 CNC 머시닝센터 등 정밀 가공 장비의 운용 및 품질 측정 기술을 배우는 전공입니다.,완벽주의적 정밀함/공학적 실천력/장인 정신
대전,대전 동구,반도체융합기계과,반도체장비부품설계직종,반도체계열,하이테크과정,12,주간,"반도체 제조 장비의 효율성과 정밀도를 극대화하기 위해 2D·3D CAD 소프트웨어를 활용하여 장비의 핵심 부품 및 구조를 설계하고, 역설계와 해석 기술을 통해 최적의 기계 장치를 구상하는 기술을 배우는 전공입니다.",공간 지각 능력/논리적 분석력/창의적 문제 해결
청주,충북 청주시,메카트로닉스과,산업용로봇모빌리티직종,자동화계열,일반계고위탁과정,12,주간,기계·전자·제어 기술을 융합해 산업용 로봇과 모빌리티 시스템을 설계·제작·운용하는 기술을 배우는 전공입니다,문제해결/정밀성/융합사고
청주,충북 청주시,메카트로닉스과,ECO마더팩토리전공,자동화계열,2년제학위과정,12,주간,친환경 생산 시스템과 자동화 설비를 기반으로 스마트 공정 운영과 제조 최적화 기술을 배우는 전공입니다,문제해결/책임감/분석력
청주,충북 청주시,메카트로닉스과,AI로봇모빌리티전공,자동화계열,2년제학위과정,12,주간,인공지능과 로봇·모빌리티 기술을 융합해 자율주행 및 지능형 시스템을 설계·제어하는 기술을 배우는 전공입니다,논리적사고/문제해결/융합사고
청주,충북 청주시,반도체시스템과,반도체소재?부품?장비기술전공,반도체계열,2년제학위과정,12,주간,반도체 공정에 필요한 소재·부품·장비의 설계와 운용 및 유지보수 기술을 배우는 전공입니다,정밀성/분석력/문제해결
청주,충북 청주시,반도체시스템과,시스템반도체융합설계전공,반도체계열,2년제학위과정,12,주간,시스템반도체 설계를 중심으로 회로 설계와 소프트웨어를 융합한 반도체 개발 기술을 배우는 전공입니다,논리적사고/창의성/분석력
청주,충북 청주시,전기에너지과,태양광시스템전공,전기계열,2년제학위과정,12,주간,태양광 발전 시스템의 설계와 설치 및 운영 기술을 배우는 전공입니다,책임감/분석력/문제해결
청주,충북 청주시,전기에너지과,신재생하이브리드직종,전기계열,하이테크과정,10,주간,신재생에너지 설비를 결합한 하이브리드 시스템의 설계와 운영 기술을 배우는 전공입니다,문제해결/분석력/융합사고
청주,충북 청주시,전기에너지과,전기시스템전공,전기계열,2년제학위과정,12,주간,전력 설비의 설계와 시공 및 유지보수 기술을 배우는 전공입니다,책임감/정밀성/문제해결
청주,충북 청주시,스마트팩토리ICT융합과,디바이스네트워크전공,정보통신IT계열,2년제학위과정,12,주간,산업용 디바이스와 네트워크를 연동해 스마트팩토리 통신 시스템을 구축·운영하는 기술을 배우는 전공입니다,문제해결/분석력/융합사고
청주,충북 청주시,스마트팩토리ICT융합과,스마트팩토리공정솔루션전공,정보통신IT계열,2년제학위과정,12,주간,스마트 제조 환경에서 생산 공정을 분석하고 자동화·최적화 솔루션을 설계·운영하는 기술을 배우는 전공입니다,분석력/문제해결/융합사고
청주,충북 청주시,스마트팩토리과,스마트팩토리공정솔루션전공,정보통신IT계열,2년제학위과정,12,주간,스마트팩토리 환경에서 생산 공정을 데이터 기반으로 분석하고 자동화·최적화 솔루션을 설계·운영하는 기술을 배우는 전공입니다,분석력/문제해결/융합사고
청주,충북 청주시,컴퓨터응용기계과,IT융합부품가공전공,기계계열,2년제학위과정,12,주간,컴퓨터 기반 설계·가공 기술과 IT 융합 기술을 활용해 정밀 부품을 제작·생산하는 기술을 배우는 전공입니다,정밀성/분석력/문제해결
청주,충북 청주시,컴퓨터응용기계과,초정밀기계가공전공,기계계열,2년제학위과정,12,주간,CAD/CAM 기반 가공 기술을 활용해 초정밀 기계 부품을 설계·제작하는 기술을 배우는 전공입니다,정밀성/집중력/문제해결
청주,충북 청주시,디지털기계시스템과,빅데이터공정분석직종,기계계열,하이테크과정,10,주간,기계 시스템 데이터를 수집·분석하여 생산 공정을 최적화하는 빅데이터 기반 공정 분석 기술을 배우는 전공입니다,분석력/문제해결/논리적사고
청주,충북 청주시,디지털기계시스템과,지능형기계시스템전공,기계계열,2년제학위과정,12,주간,센서와 제어 기술을 기반으로 기계 시스템을 지능화하고 자동화하는 기술을 배우는 전공입니다,융합사고/문제해결/정밀성
청주,충북 청주시,반도체공정과,지능형반도체직종,반도체계열,하이테크과정,10,주간,반도체 공정 기술과 AI 기반 설계·제어 기술을 융합해 지능형 반도체를 개발하는 기술을 배우는 전공입니다,분석력/창의성/문제해결
청주,충북 청주시,반도체공정과,반도체공정분석전공,반도체계열,2년제학위과정,12,주간,반도체 제조 공정 데이터를 분석하고 공정 품질과 수율을 최적화하는 기술을 배우는 전공입니다,분석력/정밀성/문제해결
아산,충남 아산시,방송영상과,방송영상제작전공,미디어계열,2년제학위과정,12,주간,기획부터 촬영·편집까지 방송 콘텐츠를 제작하는 기술을 배우는 전공입니다,창의성/협업/표현력
아산,충남 아산시,메카트로닉스과,메카트로닉스전공,자동화계열,2년제학위과정,12,주간,기계·전자·제어 기술을 융합해 자동화 시스템과 로봇을 설계·제작·운용하는 기술을 배우는 전공입니다,융합사고/문제해결/정밀성
아산,충남 아산시,반도체디스플레이과,디스플레이전공,전자계열,2년제학위과정,12,주간,디스플레이 소자의 구조와 공정 기술을 이해하고 OLED·LCD 등 패널을 설계·제작하는 기술을 배우는 전공입니다,정밀성/분석력/문제해결
아산,충남 아산시,반도체디스플레이과,반도체후공정장비제어전공,반도체계열,2년제학위과정,12,주간,반도체 패키징 및 후공정 장비의 제어·운용과 유지보수 기술을 배우는 전공입니다,정밀성/문제해결/분석력
아산,충남 아산시,반도체디스플레이과,반도체신뢰성테스트직종,반도체계열,하이테크과정,10,주간,반도체 소자의 성능과 내구성을 평가하고 품질 신뢰성을 검증하는 테스트 기술을 배우는 전공입니다,분석력/정밀성/책임감
아산,충남 아산시,산업설비자동화과,그린에너지플랜트설비전공,산업설비계열,2년제학위과정,12,주간,친환경 에너지 기반 플랜트 설비의 설계와 시공 및 운영 기술을 배우는 전공입니다,책임감/분석력/문제해결
아산,충남 아산시,시각디자인과,브랜드디자인전공,디자인계열,2년제학위과정,12,주간,브랜드의 아이덴티티를 시각적으로 기획하고 디자인 시스템으로 구현하는 기술을 배우는 전공입니다,창의성/표현력/기획력
아산,충남 아산시,자동차기계과,자동차부품정밀기계가공전공,기계계열,2년제학위과정,12,주간,자동차 부품을 정밀하게 가공하고 생산하는 기계 제작 기술을 배우는 전공입니다,정밀성/집중력/문제해결
아산,충남 아산시,정보통신시스템과,IoT응용HW전공,정보통신IT계열,2년제학위과정,12,주간,IoT 기반 하드웨어 시스템을 설계·구현하고 센서와 통신 기술을 응용하는 기술을 배우는 전공입니다,융합사고/문제해결/정밀성
아산,충남 아산시,정보통신시스템과,IoT응용SW전공,정보통신IT계열,2년제학위과정,12,주간,IoT 기기를 제어하고 데이터를 처리하는 응용 소프트웨어를 개발하는 기술을 배우는 전공입니다,논리적사고/문제해결/융합사고
아산,충남 아산시,방송미디어과,방송미디어전공,미디어계열,2년제학위과정,12,주간,방송 콘텐츠를 기획하고 제작하며 다양한 미디어 플랫폼에 맞게 편집·송출하는 기술을 배우는 전공입니다,창의성/표현력/기획력
아산,충남 아산시,자동차융합기계과,자동차부품정밀기계가공,기계계열,2년제학위과정,12,주간,자동차 부품을 정밀하게 가공하고 생산하는 기계 제작 기술을 배우는 전공입니다,정밀성/집중력/문제해결
아산,충남 아산시,AI소프트웨어과,AI소프트웨어전공,정보통신IT계열,2년제학위과정,12,주간,AI 모델을 설계·구현하고 데이터를 활용해 소프트웨어 서비스를 개발하는 기술을 배우는 전공입니다,논리적사고/문제해결/데이터분석
아산,충남 아산시,AI소프트웨어과,AI제조소프트웨어직종,정보통신IT계열,하이테크과정,10,주간,제조 데이터와 인공지능을 활용해 생산 공정을 최적화하는 소프트웨어 기술을 배우는 전공입니다,분석력/문제해결/융합사고
아산,충남 아산시,반도체장비과,반도체장비제어전공,반도체계열,2년제학위과정,12,주간,반도체 생산 장비의 제어 시스템을 설계·운용하고 공정 안정성을 유지하는 기술을 배우는 전공입니다,정밀성/문제해결/책임감
아산,충남 아산시,반도체장비과,반도체제어시스템직종,반도체계열,하이테크과정,10,주간,반도체 장비의 제어 시스템을 설계·운용하고 공정 자동화를 구현하는 기술을 배우는 전공입니다,정밀성/논리적사고/문제해결
아산,충남 아산시,반도체응용설계과,반도체회로설계전공,반도체계열,2년제학위과정,12,주간,반도체 회로를 설계하고 소자 특성을 분석하여 최적의 칩 구조를 구현하는 기술을 배우는 전공입니다,논리적사고/정밀성/문제해결
아산,충남 아산시,반도체응용설계과,반도체모듈설계직종,반도체계열,하이테크과정,10,주간,반도체 소자를 활용해 기능 모듈을 설계하고 시스템 성능을 최적화하는 기술을 배우는 전공입니다,융합사고/정밀성/문제해결
아산,충남 아산시,반도체기계과,반도체기계유지보수전공,반도체계열,2년제학위과정,12,주간,반도체 생산 설비의 기계 구조를 점검·정비하고 안정적인 가동을 유지하는 기술을 배우는 전공입니다,책임감/정밀성/문제해결
아산,충남 아산시,반도체기계과,반도체설비보전직종,반도체계열,전문기술과정,12,주간,반도체 생산 설비의 상태를 점검하고 고장을 예방·복구하는 설비 보전 기술을 배우는 전공입니다,책임감/문제해결/정밀성
아산,충남 아산시,반도체패키징공학과,반도체패키징전공,반도체계열,학위전공심화,12,주간,반도체 칩을 보호하고 전기적 연결을 완성하는 패키징 공정 기술을 배우는 전공입니다,정밀성/분석력/책임감
아산,충남 아산시,반도체패키징과,반도체패키징직종,반도체계열,전문기술과정,12,주간,반도체 칩을 외부 환경으로부터 보호하고 전기적 연결을 구현하는 패키징 공정 기술을 배우는 전공입니다,정밀성/책임감/문제해결
홍성,충남 홍성군,스마트자동화시스템과,융합사물인터넷전공,자동화계열,2년제학위과정,12,주간,산업 설비와 사물인터넷 기술을 융합해 스마트 자동화 시스템을 구축·운영하는 기술을 배우는 전공입니다,융합사고/문제해결/분석력
홍성,충남 홍성군,산업설비자동화과,특수용접직종,산업설비계열,전문기술과정,12,주간,산업 현장에서 다양한 금속 구조물을 고품질로 접합하는 특수 용접 기술을 배우는 전공입니다,정밀성/집중력/책임감
홍성,충남 홍성군,산업설비자동화과,산업설비자동화전공,산업설비계열,2년제학위과정,12,주간,산업 설비를 자동화하고 생산 시스템을 효율적으로 운영·제어하는 기술을 배우는 전공입니다,문제해결/분석력/책임감
충남,충남 홍성군,전기과,전기계측제어전공,전기계열,2년제학위과정,12,주간,전기 신호와 계측 데이터를 활용해 산업 설비의 제어 시스템을 설계·운용하는 기술을 배우는 전공입니다,정밀성/분석력/문제해결
홍성,충남 홍성군,전기과,전기계측제어전공,전기계열,2년제학위과정,12,주간,전기 신호와 계측 데이터를 활용해 산업 설비의 제어 시스템을 설계·운용하는 기술을 배우는 전공입니다,정밀성/분석력/문제해결
충남,충남 홍성군,전기과,전기내선공사직종,전기계열,신중년특화과정,6,주간,건축물 내부 전기 설비를 시공하고 배선 및 전력 시스템을 구축하는 기술을 배우는 전공입니다,책임감/정밀성/문제해결
홍성,충남 홍성군,컴퓨터응용기계과,그린카부품초정밀가공및유지보수전공,기계계열,2년제학위과정,12,주간,그린카 부품을 초정밀로 가공하고 유지보수하는 기계 제작 기술을 배우는 전공입니다,정밀성/문제해결/책임감
홍성,충남 홍성군,스마트융합설비과,스마트융합설비전공,산업설비계열,2년제학위과정,12,주간,스마트 기술을 기반으로 설비 시스템을 설계·운영하고 자동화된 유지보수 기술을 배우는 전공입니다,융합사고/문제해결/책임감
홍성,충남 홍성군,스마트융합설비과,특수용접직종,산업설비계열,전문기술과정,12,주간,다양한 금속 구조물을 고품질로 접합하고 산업 설비 제작에 필요한 특수 용접 기술을 배우는 전공입니다,정밀성/집중력/책임감
홍성,충남 홍성군,기계설비보전과,기계설비보전전공,기계계열,2년제학위과정,12,주간,기계 설비의 상태를 진단하고 유지·보수하여 안정적인 가동을 확보하는 기술을 배우는 전공입니다,책임감/문제해결/정밀성
홍성,충남 홍성군,AI자동화시스템과,AI자동화시스템전공,자동화계열,2년제학위과정,12,주간,인공지능을 활용해 산업 자동화 시스템을 설계·구현하고 공정 효율을 최적화하는 기술을 배우는 전공입니다,융합사고/문제해결/분석력
충남,충남 홍성군,전기자동차과,전기자동차제작및유지보수전공,자동차계열,2년제학위과정,12,주간,전기자동차의 구조를 이해하고 구동 시스템을 제작·정비하는 기술을 배우는 전공입니다,정밀성/문제해결/책임감
충남,충남 홍성군,전기자동차과,전기자동차제작및성능평가직종,자동차계열,하이테크과정,12,주간,전기자동차를 제작하고 구동 성능과 안전성을 평가하는 기술을 배우는 전공입니다,분석력/정밀성/문제해결
충남,충남 홍성군,에너지설비과,에너지설비전공,산업설비계열,2년제학위과정,12,주간,에너지 생산·변환·공급 설비를 설계·시공·운영하고 효율을 관리하는 기술을 배우는 전공입니다,책임감/분석력/문제해결
충남,충남 홍성군,에너지설비과,한국어교육,산업설비계열,전문기술과정,12,주간,에너지설비 분야를 한국어로 이해하고 의사소통하며 현장 작업과 기술 문서를 학습하는 기술을 배우는 전공입니다,소통능력/이해력/적응력
충남,충남 홍성군,기계보전과,기계설비유지관리전공,기계계열,2년제학위과정,12,주간,기계 설비의 상태를 진단하고 점검·정비를 통해 안정적인 운영을 유지하는 기술을 배우는 전공입니다,책임감/문제해결/정밀성
충주,충북 충주시,특수용접과,특수용접직종,산업설비계열,전문기술과정,12,주간,다양한 금속 재료를 고정밀로 접합하고 산업 구조물 제작에 필요한 용접 기술을 배우는 전공입니다,정밀성/집중력/책임감
충주,충북 충주시,로봇특수용접과,특수용접직종,산업설비계열,일반계고위탁과정,12,주간,로봇과 수동 용접 기술을 활용해 다양한 금속 구조물을 고품질로 접합하는 기술을 배우는 전공입니다,정밀성/집중력/책임감
충주,충북 충주시,에너지설비과,열냉동기계직종,산업설비계열,전문기술과정,12,주간,열에너지와 냉동 사이클을 기반으로 냉난방 및 냉동 설비를 설계·운영하는 기술을 배우는 전공입니다,분석력/문제해결/정밀성
충주,충북 충주시,자동차과,자동차정비(새시·엔진·장치)직종,자동차계열,전문기술과정,12,주간,자동차의 새시·엔진·전장 장치를 점검·정비하고 성능을 유지·향상시키는 기술을 배우는 전공입니다,정밀성/문제해결/책임감
충주,충북 충주시,전기제어과,전기시스템제어직종,전기계열,일반계고위탁과정,12,주간,전기 설비와 제어 시스템을 설계·운용하고 자동화 공정을 안정적으로 관리하는 기술을 배우는 전공입니다,논리적사고/정밀성/문제해결
충주,충북 충주시,지능형기계과,기계조립및시스템제어직종,기계계열,전문기술과정,12,주간,기계 부품을 정밀하게 조립하고 제어 시스템을 활용해 기계 장치를 자동화하는 기술을 배우는 전공입니다,정밀성/문제해결/융합사고
충주,충북 충주시,AI드론과,드론제어직종,전자계열,전문기술과정,12,주간,드론의 비행 제어와 인공지능 기술을 활용해 자율 운용 시스템을 구현하는 기술을 배우는 전공입니다,융합사고/문제해결/정밀성
광주,전남 광주시,그린건축과,그린건축전공,개별특성화계열,2년제학위과정,12,주간,친환경 건축 기술을 적용해 에너지 효율이 높은 건축물을 설계·시공하는 기술을 배우는 전공입니다,책임감/창의성/문제해결
광주,전남 광주시,스마트전기자동차과,자동차시스템정비전공,자동차계열,2년제학위과정,12,주간,전기·전자 기반 자동차 시스템을 진단·정비하고 스마트 차량 기술을 유지·관리하는 기술을 배우는 전공입니다,정밀성/문제해결/책임감
광주,전남 광주시,스마트전기자동차과,자동차엔진정비직종,자동차계열,전문기술과정,12,주간,자동차 엔진의 구조를 이해하고 점검·정비를 통해 성능을 유지·향상시키는 기술을 배우는 전공입니다,정밀성/문제해결/책임감
광주,전남 광주시,스마트전기자동차과,자동차시스템정비직종,자동차계열,하이테크과정,10,주간,자동차 전기·전자 및 구동 시스템을 진단·정비하고 차량의 안정적 성능을 유지하는 기술을 배우는 전공입니다,정밀성/문제해결/책임감
광주,전남 광주시,전자과,전자시스템제어전공,전자계열,2년제학위과정,12,주간,전자 회로와 제어 시스템을 설계·분석하고 다양한 전자 장치를 운용하는 기술을 배우는 전공입니다,논리적사고/정밀성/문제해결
광주,전남 광주시,전자과,전자전공,전자계열,2년제학위과정,12,주간,전자 회로와 반도체 소자의 원리를 이해하고 전자 장치의 설계·제작·응용 기술을 배우는 전공입니다,논리적사고/정밀성/문제해결
광주,전남 광주시,그린에너지설비과,그린공조냉동설비전공,산업설비계열,2년제학위과정,12,주간,친환경 에너지 기반의 공조·냉동 설비를 설계·시공·운영하는 기술을 배우는 전공입니다,분석력/문제해결/책임감
광주,전남 광주시,신소재응용과,나노융합기술전공,신소재계열,2년제학위과정,12,주간,나노기술과 신소재를 융합해 고성능 소재를 설계·응용하는 기술을 배우는 전공입니다,분석력/창의성/정밀성
광주,전남 광주시,자동화시스템과,메카트로닉스전공,자동화계열,2년제학위과정,12,주간,기계·전자·제어 기술을 융합해 자동화 시스템과 로봇을 설계·운용하는 기술을 배우는 전공입니다,융합사고/문제해결/정밀성
광주,전남 광주시,자동화시스템과,ICT시스템보전전공,자동화계열,2년제학위과정,12,주간,ICT 기반 자동화 시스템과 산업 네트워크 설비를 유지·보전하고 안정적으로 운영하는 기술을 배우는 전공입니다,문제해결/분석력/책임감
광주,전남 광주시,전기과,전기시스템제어직종,전기계열,하이테크과정,10,주간,전기 설비와 제어 시스템을 설계·운용하고 자동화 공정을 안정적으로 관리하는 기술을 배우는 전공입니다,논리적사고/정밀성/문제해결
광주,전남 광주시,전기과,신재생에너지전공,전기계열,2년제학위과정,12,주간,신재생에너지 설비를 설계·시공·운영하고 에너지 효율을 관리하는 기술을 배우는 전공입니다,분석력/책임감/문제해결
광주,전남 광주시,전기과,전력ICT전공,전기계열,2년제학위과정,12,주간,전력 시스템과 ICT 기술을 융합해 스마트 전력망을 설계·운영하는 기술을 배우는 전공입니다,융합사고/분석력/문제해결
광주,전남 광주시,전기과,전기설비유지보수직종,전기계열,신중년특화과정,6,주간,전기 설비의 상태를 점검·정비하고 안정적인 전력 공급을 유지하는 기술을 배우는 전공입니다,책임감/정밀성/문제해결
광주,전남 광주시,기계시스템과,기계시스템제작전공,기계설계계열,2년제학위과정,12,주간,기계 시스템을 설계하고 부품을 제작·조립하여 산업용 장비를 구현하는 기술을 배우는 전공입니다,정밀성/문제해결/융합사고
광주,전남 광주시,기계시스템과,기계시스템설계전공,기계설계계열,2년제학위과정,12,주간,기계 구조와 동작 원리를 기반으로 산업용 기계 시스템을 설계하고 최적화하는 기술을 배우는 전공입니다,논리적사고/정밀성/문제해결
광주,전남 광주시,기계시스템과,설비보전직종,기계설계계열,신중년특화과정,6,주간,기계 설비의 상태를 점검·진단하고 고장을 예방·수리하여 안정적으로 운영하는 기술을 배우는 전공입니다,책임감/정밀성/문제해결
광주,전남 광주시,AI융합과,인공지능모델링전공,정보통신IT계열,2년제학위과정,12,주간,인공지능 알고리즘을 설계하고 데이터를 기반으로 모델을 개발·최적화하는 기술을 배우는 전공입니다,논리적사고/분석력/문제해결
광주,전남 광주시,AI융합과,스마트융합SW직종,정보통신IT계열,하이테크과정,10,주간,인공지능과 다양한 산업 데이터를 융합해 스마트 소프트웨어를 설계·개발하는 기술을 배우는 전공입니다,융합사고/문제해결/분석력
광주,전남 광주시,스마트팩토리과,스마트팩토리전공,자동화계열,2년제학위과정,12,주간,스마트팩토리 환경에서 생산 공정을 자동화하고 데이터 기반으로 최적화하는 기술을 배우는 전공입니다,분석력/문제해결/융합사고
광주,전남 광주시,스마트팩토리과,자동화시스템전공,자동화계열,2년제학위과정,12,주간,스마트팩토리 환경에서 자동화 설비를 설계·운영하고 생산 공정을 제어하는 기술을 배우는 전공입니다,융합사고/문제해결/정밀성
광주,전남 광주시,시각디자인과,디지털디자인직종,디자인계열,전문기술과정,12,주간,디지털 매체를 활용해 시각 콘텐츠를 기획·제작하고 브랜드 디자인을 구현하는 기술을 배우는 전공입니다,창의성/표현력/기획력
광주,전남 광주시,에너지재료과,에너지시스템직종,신소재계열,하이테크과정,6,주간,에너지 변환·저장·활용 시스템의 원리를 이해하고 에너지 효율을 최적화하는 기술을 배우는 전공입니다,분석력/문제해결/융합사고
광주,전남 광주시,에너지재료과,에너지재료전공,신소재계열,2년제학위과정,12,주간,에너지 변환과 저장에 활용되는 소재의 특성을 분석하고 고효율 에너지 재료를 개발하는 기술을 배우는 전공입니다,분석력/정밀성/창의성
광주,전남 광주시,에너지재료과,에너지소재직종,신소재계열,하이테크과정,6,주간,에너지 변환과 저장에 활용되는 소재의 특성을 이해하고 고효율 에너지 소재를 개발·응용하는 기술을 배우는 전공입니다,분석력/정밀성/창의성
광주,전남 광주시,지능형에너지설비과,지능형공조냉동설비전공,산업설비계열,2년제학위과정,12,주간,지능형 제어 기술을 활용해 공조·냉동 설비를 설계·운영하고 에너지 효율을 최적화하는 기술을 배우는 전공입니다,분석력/문제해결/융합사고
광주,전남 광주시,반도체시스템제어과,반도체장비유지보수전공,반도체계열,2년제학위과정,12,주간,반도체 생산 장비의 상태를 점검·정비하고 안정적인 공정 운영을 유지하는 기술을 배우는 전공입니다,정밀성/책임감/문제해결
광주,전남 광주시,반도체시스템제어과,반도체장비시스템제어직종,반도체계열,하이테크과정,10,주간,반도체 생산 장비의 제어 시스템을 설계·운용하고 공정 자동화를 구현하는 기술을 배우는 전공입니다,정밀성/논리적사고/문제해결
전북,전북 김제시,메카트로닉스과,로봇시스템보전전공,자동화계열,2년제학위과정,12,주간,로봇 시스템의 상태를 진단·정비하고 안정적인 자동화 운영을 유지하는 기술을 배우는 전공입니다,책임감/정밀성/문제해결
전북,전북 김제시,산업설비자동화과,그린에너지설비전공,산업설비계열,2년제학위과정,12,주간,친환경 에너지 설비를 설계·시공·운영하고 산업 설비 자동화 기술을 융합하는 기술을 배우는 전공입니다,융합사고/책임감/문제해결
전북,전북 김제시,산업설비자동화과,해양플랜트설비전공,산업설비계열,2년제학위과정,12,주간,해양 플랜트 설비를 설계·시공·운영하고 산업 자동화 기술을 적용하는 기술을 배우는 전공입니다,책임감/정밀성/문제해결
전북,전북 김제시,스마트전기과,전기시스템제어직종,전기계열,전문기술과정,12,주간,스마트전기과의 전기시스템제어직종은 전기 설비와 제어 시스템을 설계·운용하고 자동화 공정을 안정적으로 관리하는 기술을 배우는 전공입니다,논리적사고/정밀성/문제해결
전북,전북 김제시,스마트전기과,그린에너지전공,전기계열,2년제학위과정,12,주간,스마트전기과의 그린에너지전공은 신재생에너지 설비를 설계·시공·운영하고 에너지 효율을 관리하는 기술을 배우는 전공입니다,분석력/책임감/문제해결
전북,전북 김제시,스마트전기과,전력융합시스템전공,전기계열,2년제학위과정,12,주간,스마트전기과의 전력융합시스템전공은 전력 시스템과 ICT 기술을 융합해 스마트 전력망을 설계·운영하는 기술을 배우는 전공입니다,융합사고/분석력/문제해결
전북,전북 김제시,정보통신시스템과,정보통신시스템전공,정보통신IT계열,2년제학위과정,12,주간,정보통신시스템과의 정보통신시스템전공은 유·무선 통신망을 설계·구축하고 네트워크 시스템을 운영·관리하는 기술을 배우는 전공입니다,논리적사고/문제해결/분석력
전북,전북 김제시,기계시스템과,초정밀기계가공전공,기계계열,2년제학위과정,12,주간,기계시스템과의 초정밀기계가공전공은 CAD/CAM 기반 가공 기술을 활용해 초정밀 기계 부품을 설계·제작하는 기술을 배우는 전공입니다,정밀성/집중력/문제해결
전북,전북 김제시,기계시스템과,초정밀금형가공전공,기계계열,2년제학위과정,12,주간,기계시스템과의 초정밀금형가공전공은 금형 설계와 초정밀 가공 기술을 통해 산업용 금형을 제작하는 기술을 배우는 전공입니다,정밀성/분석력/문제해결
전북,전북 김제시,자동화설비보전과,로봇시스템보전전공,자동화계열,2년제학위과정,12,주간,자동화설비보전과의 로봇시스템보전전공은 로봇 시스템의 상태를 진단·정비하고 안정적인 자동화 운영을 유지하는 기술을 배우는 전공입니다,책임감/정밀성/문제해결
전북,전북 김제시,기계제강시스템과,기계제강설비보전전공,자동화계열,2년제학위과정,12,주간,기계제강시스템과의 기계제강설비보전전공은 제강 설비의 상태를 점검·정비하고 생산 설비를 안정적으로 운영하는 기술을 배우는 전공입니다,책임감/정밀성/문제해결
전북,전북 김제시,AI로봇자동화과,로봇시스템보전전공,자동화계열,2년제학위과정,12,주간,AI로봇자동화과의 로봇시스템보전전공은 로봇 시스템을 진단·정비하고 AI 기반 자동화 설비를 안정적으로 운영하는 기술을 배우는 전공입니다,융합사고/문제해결/정밀성
전북,전북 김제시,스마트IoT과,AI플랫폼기반IoT응용기술전공,정보통신IT계열,2년제학위과정,12,주간,스마트IoT과의 AI플랫폼기반IoT응용기술전공은 AI 플랫폼과 IoT 기술을 융합해 지능형 사물인터넷 시스템을 설계·구현하는 기술을 배우는 전공입니다,융합사고/문제해결/분석력
전북,전북 김제시,스마트전기자동차과,전기자동차제작전공,자동차계열,2년제학위과정,12,주간,스마트전기자동차과의 전기자동차제작전공은 전기자동차의 구조를 이해하고 제작·조립 및 성능 구현 기술을 배우는 전공입니다,정밀성/문제해결/책임감
전북,전북 김제시,스마트전기자동차과,전기자동차시스템직종,자동차계열,하이테크과정,10,주간,스마트전기자동차과의 전기자동차시스템직종은 전기·전자 기반 자동차 시스템을 진단·정비하고 차량 성능을 유지하는 기술을 배우는 전공입니다,정밀성/문제해결/책임감
전북,전북 김제시,농생명바이오시스템과,바이오시스템전공,바이오계열,2년제학위과정,12,주간,바이오 기술과 농생명 시스템의 운영 원리를 배우는 전공입니다,분석력/탐구심/꼼꼼함
전북,전북 김제시,농생명바이오시스템과,농생명시스템직종,바이오계열,하이테크과정,10,주간,농생명 생산 환경과 시스템 관리 기술을 배우는 전공입니다,책임감/관찰력/성실함
전남,전남 무안군,산업설비자동화과,특수용접직종,산업설비계열,신중년특화과정,6,주간,산업설비 제작에 필요한 특수용접 기술을 배우는 전공입니다,손기술/집중력/정확성
전남,전남 무안군,산업설비자동화과,산업설비전공,산업설비계열,2년제학위과정,12,주간,산업 현장의 설비 운용과 유지 기술을 배우는 전공입니다,실무형/책임감/문제해결
전남,전남 무안군,컴퓨터응용기계과,컴퓨터응용가공전공,기계계열,2년제학위과정,12,주간,CAD·CAM 기반의 정밀 가공 기술을 배우는 전공입니다,정밀함/집중력/공간감각
전남,전남 무안군,발전설비과,발전설비기계전공,기계계열,2년제학위과정,12,주간,발전설비의 기계 구조와 유지 기술을 배우는 전공입니다,꼼꼼함/책임감/이해력
전남,전남 무안군,전기과,전기제어시스템직종,전기계열,전문기술과정,12,주간,전기 설비의 제어와 자동화 시스템 기술을 배우는 전공입니다,논리력/집중력/책임감
전남,전남 무안군,기계시스템과,컴퓨터응용가공전공,기계계열,2년제학위과정,12,주간,컴퓨터 기반 기계 가공과 정밀 제작 기술을 배우는 전공입니다,정밀함/집중력/공간감각
전남,전남 무안군,에너지설비자동화과,에너지설비전공,산업설비계열,2년제학위과정,12,주간,에너지 설비의 운전과 자동화 기술을 배우는 전공입니다,책임감/이해력/문제해결
전남,전남 무안군,에너지설비자동화과,특수용접직종,산업설비계열,신중년특화과정,6,주간,에너지 설비 제작에 필요한 특수용접 기술을 배우는 전공입니다,손기술/집중력/정확성
전남,전남 무안군,미래전기자동차과,미래전기자동차시스템직종,자동차계열,하이테크과정,10,주간,전기자동차의 시스템 구성과 제어 기술을 배우는 전공입니다,탐구심/분석력/책임감
전남,전남 무안군,미래전기자동차과,미래전기자동차정비전공,자동차계열,2년제학위과정,12,주간,전기자동차의 점검과 정비 기술을 배우는 전공입니다,꼼꼼함/판단력/책임감
전력기술,전남 나주시,전력설비과,전력설비직종,전기계열,하이테크과정,10,주간,전력 설비의 설치와 운영 기술을 배우는 전공입니다,책임감/정확성/성실함
전력기술,전남 나주시,신재생에너지과,전력IT직종,전기계열,하이테크과정,10,주간,신재생에너지 기반 전력IT 융합 기술을 배우는 전공입니다,분석력/융합사고/탐구심
전력기술,전남 나주시,전기소방과,전력제어직종,전기계열,하이테크과정,10,주간,전기와 소방 설비의 전력제어 기술을 배우는 전공입니다,침착함/책임감/정확성
익산,전북 익산시,자동화시스템과,기계장비설치정비직종,자동화계열,전문기술과정,12,주간,기계장비의 설치와 유지보수 기술을 배우는 전공입니다,꼼꼼함/손기술/책임감
익산,전북 익산시,자동화시스템과,자동화시스템제어직종,자동화계열,일반계고위탁과정,12,주간,자동화 설비의 제어와 운영 기술을 배우는 전공입니다,논리력/집중력/문제해결
익산,전북 익산시,산업설비과,산업설비직종,산업설비계열,전문기술과정,12,주간,산업 현장 설비의 제작과 운용 기술을 배우는 전공입니다,실무형/성실함/책임감
익산,전북 익산시,전기제어과,전기공사직종,전기계열,신중년특화과정,6,주간,전기설비 시공과 공사 실무 기술을 배우는 전공입니다,성실함/책임감/정확성
익산,전북 익산시,전기제어과,전기시스템제어직종,전기계열,전문기술과정,12,주간,전기 시스템의 제어와 자동화 기술을 배우는 전공입니다,논리력/집중력/분석력
익산,전북 익산시,컴퓨터응용기계과,탄소부품설계가공전공,기계계열,2년제학위과정,12,주간,탄소소재 부품의 설계와 가공 기술을 배우는 전공입니다,정밀함/공간감각/집중력
익산,전북 익산시,나노측정과,나노측정전공,기계계열,2년제학위과정,12,주간,나노 단위의 정밀 측정과 분석 기술을 배우는 전공입니다,분석력/정밀함/집중력
익산,전북 익산시,주얼리가죽공예과,보석디자인직종,디자인계열,전문기술과정,12,주간,보석의 디자인과 상품 제작 감각을 배우는 전공입니다,창의성/섬세함/감각적
익산,전북 익산시,스마트설비과,특수용접직종,산업설비계열,전문기술과정,12,주간,스마트 설비 제작에 필요한 특수용접 기술을 배우는 전공입니다,손기술/집중력/정확성
익산,전북 익산시,스마트설비과,기계설비유지관리직종,산업설비계열,신중년특화과정,6,주간,기계설비의 점검과 유지관리 기술을 배우는 전공입니다,꼼꼼함/책임감/문제해결
익산,전북 익산시,자동차융합기계과,자동차부품설계가공직종,기계계열,전문기술과정,12,주간,자동차 부품의 설계와 가공 기술을 배우는 전공입니다,정밀함/공간감각/집중력
익산,전북 익산시,자동차융합기계과,저탄소부품설계가공전공,자동차계열,2년제학위과정,12,주간,저탄소 자동차 부품의 설계와 가공 기술을 배우는 전공입니다,분석력/정밀함/융합사고
순천,전남 순천시,산업안전기계과,산업안전관리직종,기계계열,하이테크과정,12,주간,산업 현장의 안전관리와 기계 설비 점검 기술을 배우는 전공입니다,책임감/꼼꼼함/판단력
순천,전남 순천시,산업안전기계과,컴퓨터응용기계가공직종,기계계열,전문기술과정,12,주간,컴퓨터 기반 기계 가공과 정밀 제작 기술을 배우는 전공입니다,정밀함/집중력/공간감각
순천,전남 순천시,자동화시스템정비과,제철화학설비보전직종,자동화계열,전문기술과정,12,주간,제철·화학 설비의 점검과 보전 기술을 배우는 전공입니다,꼼꼼함/책임감/문제해결
순천,전남 순천시,자동화시스템정비과,자동화설비보전직종,자동화계열,하이테크과정,12,주간,자동화 설비의 유지보수와 보전 기술을 배우는 전공입니다,책임감/성실함/문제해결
순천,전남 순천시,산업설비과,특수용접직종,산업설비계열,전문기술과정,12,주간,산업설비 제작에 필요한 특수용접 기술을 배우는 전공입니다,손기술/집중력/정확성
순천,전남 순천시,산업설비과,에너지설비직종,산업설비계열,전문기술과정,12,주간,에너지 설비의 설치와 운용 기술을 배우는 전공입니다,책임감/이해력/성실함
순천,전남 순천시,산업설비과,열냉동배관설비직종,산업설비계열,신중년특화과정,6,주간,열냉동 및 배관 설비의 시공과 관리 기술을 배우는 전공입니다,꼼꼼함/책임감/정확성
순천,전남 순천시,전기제어과,전기시스템제어직종,전기계열,전문기술과정,12,주간,전기 시스템의 제어와 자동화 기술을 배우는 전공입니다,논리력/집중력/분석력
순천,전남 순천시,전기제어과,이차전지공정제어직종,전기계열,전문기술과정,12,주간,이차전지 생산공정의 제어 기술을 배우는 전공입니다,분석력/집중력/정확성
순천,전남 순천시,전자제어과,전자시스템제어직종,전자계열,전문기술과정,12,주간,전자 시스템의 제어와 운영 기술을 배우는 전공입니다,논리력/집중력/책임감
순천,전남 순천시,산업안전검사과,품질관리기술자직종,신소재계열,전문기술과정,12,주간,제품과 공정의 품질관리 실무를 배우는 전공입니다,꼼꼼함/분석력/책임감
대구,대구 서구,콘텐츠디자인과,멀티미디어콘텐츠제작직종,미디어계열,전문기술과정,12,주간,디지털 영상과 멀티미디어 콘텐츠 제작 기술을 배우는 전공입니다,창의성/감각적/기획력
대구,대구 서구,금형디자인과,사출금형,금형계열,2년제학위과정,12,주간,사출금형의 설계와 제작 기술을 배우는 전공입니다,정밀함/공간감각/집중력
대구,대구 서구,산업설비자동화과,특수용접직종,산업설비계열,신중년특화과정,6,주간,산업설비 제작에 필요한 특수용접 기술을 배우는 전공입니다,손기술/집중력/정확성
대구,대구 서구,산업설비자동화과,냉동공조기술전공,정보없음,2년제학위과정,12,주간,냉동·공조 설비의 설치와 운용 기술을 배우는 전공입니다,책임감/이해력/꼼꼼함
대구,대구 서구,산업설비자동화과,공조냉동/특수용접기술전공,산업설비계열,2년제학위과정,12,주간,공조냉동과 특수용접의 융합 기술을 배우는 전공입니다,손기술/이해력/집중력
대구,대구 서구,스마트전기과,전기시스템제어전공,전기계열,2년제학위과정,12,주간,전기 시스템의 제어와 자동화 기술을 배우는 전공입니다,논리력/집중력/분석력
대구,대구 서구,스마트전기과,전기설비제어전공,전기계열,2년제학위과정,12,주간,전기 설비의 제어와 운용 기술을 배우는 전공입니다,책임감/정확성/집중력
대구,대구 서구,스마트전기과,전기설비기술직종,전기계열,신중년특화과정,6,주간,전기 설비의 설치와 유지 기술을 배우는 전공입니다,성실함/책임감/정확성
대구,대구 서구,스마트전자과,반도체융합전공,전자계열,2년제학위과정,12,주간,반도체 공정과 전자 융합 기술을 배우는 전공입니다,분석력/탐구심/집중력
대구,대구 서구,스마트전자과,제어융합전공,전자계열,2년제학위과정,12,주간,제어 시스템과 전자 기술의 융합을 배우는 전공입니다,논리력/분석력/융합사고
대구,대구 서구,신소재화학과,소재융합전공,신소재계열,2년제학위과정,12,주간,화학 기반 소재의 융합 응용 기술을 배우는 전공입니다,탐구심/분석력/이해력
대구,대구 서구,신소재응용과,신소재융합기술전공,신소재계열,2년제학위과정,12,주간,신소재의 특성과 융합 응용 기술을 배우는 전공입니다,탐구심/분석력/융합사고
대구,대구 서구,컴퓨터응용기계과,첨단소재부품가공전공,기계계열,2년제학위과정,12,주간,첨단소재 부품의 가공 기술을 배우는 전공입니다,정밀함/집중력/공간감각
대구,대구 서구,컴퓨터응용기계과,첨단소재부품설계전공,기계계열,2년제학위과정,12,주간,첨단소재 부품의 설계 기술을 배우는 전공입니다,창의성/공간감각/분석력
대구,대구 서구,AI엔지니어링과,응용SW직종,정보통신IT계열,하이테크과정,10,주간,소프트웨어 개발과 응용 시스템 구현 기술을 배우는 전공입니다,논리력/문제해결/창의성
대구,대구 서구,스마트제품디자인과,사출금형전공,금형계열,2년제학위과정,12,주간,사출금형의 설계와 제품 구현 기술을 배우는 전공입니다,공간감각/정밀함/창의성
대구,대구 서구,융합기계과,스마트정밀가공전공,기계계열,2년제학위과정,12,주간,스마트 제조 기반의 정밀가공 기술을 배우는 전공입니다,정밀함/집중력/성실함
대구,대구 서구,융합기계과,스마트융합설계전공,기계계열,2년제학위과정,12,주간,기계와 디지털 기반의 융합설계 기술을 배우는 전공입니다,창의성/분석력/공간감각
대구,대구 서구,그린반도체시스템과,저전력반도체설계전공,반도체계열,2년제학위과정,12,주간,저전력 반도체의 설계 기술을 배우는 전공입니다,분석력/집중력/탐구심
대구,대구 서구,그린반도체시스템과,반도체공정운영직종,반도체계열,하이테크과정,10,주간,반도체 공정의 운영과 관리 기술을 배우는 전공입니다,꼼꼼함/책임감/집중력
대구,대구 서구,이차전지시스템과,이차전지설비운용전공,전기계열,2년제학위과정,12,주간,이차전지 설비의 운전과 관리 기술을 배우는 전공입니다,책임감/정확성/성실함
대구,대구 서구,이차전지시스템과,이차전지리사이클링직종,전기계열,하이테크과정,10,주간,이차전지 자원의 재활용 기술을 배우는 전공입니다,환경의식/책임감/분석력
대구,대구 서구,디지털헬스케어과,디지털헬스케어전공,전자계열,2년제학위과정,12,주간,디지털 기술 기반의 헬스케어 응용을 배우는 전공입니다,공감력/분석력/탐구심
대구,대구 서구,디지털헬스케어과,전자응용기기직종,전자계열,하이테크과정,10,주간,전자응용기기의 운용과 관리 기술을 배우는 전공입니다,꼼꼼함/책임감/이해력
대구,대구 서구,바이오의약품소재과,바이오의약품소재전공,바이오계열,2년제학위과정,12,주간,바이오의약품 소재의 개발과 활용 기술을 배우는 전공입니다,탐구심/분석력/꼼꼼함
대구,대구 서구,바이오의약품소재과,바이오의약품생산직종,바이오계열,하이테크과정,10,주간,바이오의약품의 생산 공정 기술을 배우는 전공입니다,책임감/성실함/정확성
구미,경북 구미시,건축과,건축인테리어직종,개별특성화계열,전문기술과정,12,주간,건축 공간의 설계와 인테리어 실무를 배우는 전공입니다,공간감각/창의성/실무형
구미,경북 구미시,IT융합과,스마트제조IT전공,정보통신IT계열,2년제학위과정,12,주간,스마트 제조 환경의 IT 융합 기술을 배우는 전공입니다,논리력/분석력/융합사고
구미,경북 구미시,IT융합과,스마트소프트웨어전공,정보통신IT계열,2년제학위과정,12,주간,소프트웨어 설계와 개발 기술을 배우는 전공입니다,논리력/창의성/문제해결
구미,경북 구미시,스마트전자과,전자제어전공,전자계열,2년제학위과정,12,주간,전자 제어 시스템의 설계와 운용 기술을 배우는 전공입니다,논리력/집중력/분석력
구미,경북 구미시,자동화시스템과,자동화시스템정비전공,자동화계열,2년제학위과정,12,주간,자동화시스템의 점검과 정비 기술을 배우는 전공입니다,꼼꼼함/책임감/문제해결
구미,경북 구미시,자동화시스템과,첨단공정자동화전공,자동화계열,2년제학위과정,12,주간,첨단 생산공정의 자동화 기술을 배우는 전공입니다,분석력/논리력/집중력
구미,경북 구미시,자동화시스템과,설비유지보수직종,자동화계열,하이테크과정,10,주간,설비의 점검과 유지보수 기술을 배우는 전공입니다,책임감/꼼꼼함/문제해결
구미,경북 구미시,전기과,전기시스템제어직종,전기계열,전문기술과정,12,주간,전기 시스템의 제어와 자동화 기술을 배우는 전공입니다,논리력/집중력/책임감
구미,경북 구미시,전기과,신재생에너지전공,전기계열,2년제학위과정,12,주간,신재생에너지 설비의 운영과 활용 기술을 배우는 전공입니다,탐구심/책임감/이해력
구미,경북 구미시,전기과,전기계측제어전공,전기계열,2년제학위과정,12,주간,전기 계측과 제어 시스템 기술을 배우는 전공입니다,정확성/논리력/집중력
구미,경북 구미시,기계시스템과,스마트제조기술전공,기계계열,2년제학위과정,12,주간,스마트 제조 공정과 생산 기술을 배우는 전공입니다,분석력/이해력/성실함
구미,경북 구미시,기계시스템과,핵심소재부품장비전공,기계계열,2년제학위과정,12,주간,핵심 소재·부품·장비의 이해와 활용 기술을 배우는 전공입니다,분석력/탐구심/이해력
구미,경북 구미시,기계시스템과,핵심소재부품가공직종,기계계열,전문기술과정,12,주간,핵심 소재부품의 정밀 가공 기술을 배우는 전공입니다,정밀함/집중력/공간감각
구미,경북 구미시,AI소프트웨어과,AI소프트웨어전공,정보통신IT계열,2년제학위과정,12,주간,인공지능 기반 소프트웨어 개발 기술을 배우는 전공입니다,논리력/창의성/문제해결
구미,경북 구미시,AI소프트웨어과,SNS마케팅직종,정보통신IT계열,신중년특화과정,6,주간,디지털 채널 기반의 SNS 마케팅 실무를 배우는 전공입니다,기획력/소통력/트렌드감각
구미,경북 구미시,AI전자과,AI전자제어전공,전자계열,2년제학위과정,12,주간,AI 기반 전자 제어 시스템 기술을 배우는 전공입니다,논리력/분석력/집중력
구미,경북 구미시,AI전자과,스마트팩토리직종,전자계열,하이테크과정,10,주간,스마트팩토리의 운영과 관리 기술을 배우는 전공입니다,분석력/책임감/문제해결
남대구,대구 달성군,자동차과,자동차전기전자장치정비직종,자동차계열,전문기술과정,12,주간,자동차 전기전자장치의 점검과 정비 기술을 배우는 전공입니다,꼼꼼함/책임감/판단력
남대구,대구 달성군,스마트자동화과,스마트팩토리운영관리직종,자동화계열,전문기술과정,12,주간,스마트팩토리의 운영관리 실무를 배우는 전공입니다,책임감/분석력/문제해결
남대구,대구 달성군,스마트응용기계과,지능형정밀가공직종,기계계열,전문기술과정,12,주간,지능형 기계의 정밀가공 기술을 배우는 전공입니다,정밀함/집중력/성실함
남대구,대구 달성군,스마트응용기계과,스마트응용가공직종,기계계열,전문기술과정,12,주간,스마트 생산 기반의 응용가공 기술을 배우는 전공입니다,정밀함/집중력/이해력
남대구,대구 달성군,전기소방융합과,소방설비전기직종,전기계열,전문기술과정,12,주간,소방 전기설비의 시공과 관리 기술을 배우는 전공입니다,책임감/정확성/꼼꼼함
포항,경북 포항시,산업설비과,특수용접직종,산업설비계열,전문기술과정,12,주간,산업설비 제작에 필요한 특수용접 기술을 배우는 전공입니다,손기술/집중력/정확성
포항,경북 포항시,산업설비과,플랜트설비직종,산업설비계열,전문기술과정,12,주간,플랜트 설비의 설치와 운용 기술을 배우는 전공입니다,책임감/이해력/성실함
포항,경북 포항시,전기제어과,전기시스템제어직종,전기계열,전문기술과정,12,주간,전기 시스템의 제어와 자동화 기술을 배우는 전공입니다,논리력/집중력/책임감
포항,경북 포항시,이차전지융합과,배터리재활용직종,전기계열,하이테크과정,10,주간,사용 후 배터리의 재활용 기술을 배우는 전공입니다,환경의식/책임감/분석력
포항,경북 포항시,이차전지융합과,배터리재사용직종,전기계열,하이테크과정,10,주간,사용 후 배터리의 재사용 기술을 배우는 전공입니다,분석력/책임감/실용성
포항,경북 포항시,융합산업설비과,특수용접직종,산업설비계열,전문기술과정,12,주간,산업설비 제작에 필요한 특수용접 기술을 배우는 전공입니다,손기술/집중력/정확성
포항,경북 포항시,융합산업설비과,플랜트설비직종,산업설비계열,전문기술과정,12,주간,플랜트 설비의 설치와 운용 기술을 배우는 전공입니다,책임감/이해력/성실함
포항,경북 포항시,융합산업설비과,스마트설비보전직종,산업설비계열,전문기술과정,12,주간,스마트 설비의 점검과 보전 기술을 배우는 전공입니다,꼼꼼함/책임감/문제해결
포항,경북 포항시,기계시스템과,CNC융합기계직종,기계계열,전문기술과정,12,주간,CNC 기반 융합기계의 가공 기술을 배우는 전공입니다,정밀함/집중력/공간감각
포항,경북 포항시,제철시스템과,제철시스템직종,자동화계열,하이테크과정,10,주간,제철 공정과 설비 운영 기술을 배우는 전공입니다,책임감/이해력/성실함
영주,경북 영주시,산업설비과,특수용접직종,산업설비계열,전문기술과정,12,주간,산업설비 제작에 필요한 특수용접 기술을 배우는 전공입니다,손기술/집중력/정확성
영주,경북 영주시,산업설비과,열냉동설비직종,산업설비계열,전문기술과정,12,주간,열냉동 설비의 설치와 관리 기술을 배우는 전공입니다,꼼꼼함/책임감/정확성
영주,경북 영주시,스마트전자과,스마트전자정비전공,전자계열,2년제학위과정,12,주간,스마트 전자장비의 점검과 정비 기술을 배우는 전공입니다,꼼꼼함/집중력/책임감
영주,경북 영주시,천연염색산업과,천연염색,산업설비계열,전문기술과정,12,주간,천연 재료를 활용한 염색 기술을 배우는 전공입니다,감각적/섬세함/창의성
영주,경북 영주시,AI융합전자과,AI융합전자응용전공,전자계열,2년제학위과정,12,주간,AI와 전자기술이 융합된 응용 기술을 배우는 전공입니다,융합사고/분석력/탐구심
영주,경북 영주시,지능형전력시스템과,스마트그린전기시스템직종,전기계열,하이테크과정,10,주간,친환경 전기 시스템의 운영 기술을 배우는 전공입니다,책임감/분석력/이해력
영주,경북 영주시,지능형전력시스템과,지능형전력시스템직종,전기계열,전문기술과정,12,주간,지능형 전력 시스템의 설계와 운용 기술을 배우는 전공입니다,논리력/분석력/책임감
영주,경북 영주시,반도체자동화설비과,열냉동기계직종,산업설비계열,전문기술과정,12,주간,열냉동기계의 운용과 유지 기술을 배우는 전공입니다,꼼꼼함/책임감/정확성
영주,경북 영주시,반도체자동화설비과,자동화용접직종,산업설비계열,전문기술과정,12,주간,자동화 설비 제작에 필요한 용접 기술을 배우는 전공입니다,손기술/집중력/정확성
영주,경북 영주시,설비보전과,설비보전직종,기계계열,일반계고위탁과정,12,주간,산업 설비의 점검과 보전 기술을 배우는 전공입니다,꼼꼼함/책임감/문제해결
영남융합,대구 동구,글로벌마케팅과,글로벌마케팅직종,개별특성화계열,하이테크과정,10,주간,국내외 시장을 대상으로 한 마케팅 실무를 배우는 전공입니다,소통력/기획력/분석력
영남융합,대구 동구,패션메이킹과,패션제품생산직종,섬유패션계열,신중년특화과정,6,주간,패션제품의 제작과 생산 실무를 배우는 전공입니다,손기술/성실함/꼼꼼함
영남융합,대구 동구,스마트패션소재과,스마트패션소재전공,섬유패션계열,2년제학위과정,12,주간,기능성 패션소재의 이해와 활용 기술을 배우는 전공입니다,감각적/탐구심/창의성
영남융합,대구 동구,스마트패션소재과,스마트패션소재기획직종,정보없음,하이테크과정,10,주간,스마트 패션소재의 기획과 개발 실무를 배우는 전공입니다,기획력/창의성/분석력
영남융합,대구 동구,3D프린팅융합디자인과,3D모델링전공,디자인계열,2년제학위과정,12,주간,3차원 모델링과 제품 구현 기술을 배우는 전공입니다,공간감각/창의성/정밀함
영남융합,대구 동구,스마트물류과,스마트물류직종,자동화계열,하이테크과정,10,주간,스마트 물류 시스템의 운영과 관리 기술을 배우는 전공입니다,체계성/책임감/분석력
영남융합,대구 동구,메카트로닉스과,메카트로닉스전공,자동화계열,2년제학위과정,12,주간,기계·전자·제어가 융합된 자동화 기술을 배우는 전공입니다,논리력/분석력/정확성
영남융합,대구 동구,메카트로닉스과,스마트팩토리직종,자동화계열,하이테크과정,10,주간,스마트팩토리의 운영과 관리 기술을 배우는 전공입니다,분석력/책임감/문제해결
영남융합,대구 동구,패션디자인과,패션디자인직종,섬유패션계열,일반계고위탁과정,12,주간,패션 제품의 디자인 실무를 배우는 전공입니다,감각적/창의성/표현력
영남융합,대구 동구,스마트패션디자인과,패션마케팅전공,섬유패션계열,2년제학위과정,12,주간,패션 마케팅과 브랜드 기획 실무를 배우는 전공입니다,기획력/소통력/트렌드감각
영남융합,대구 동구,패션디자인과,패션제품디자인&마케팅직종,섬유패션계열,신중년특화과정,6,주간,패션제품 디자인과 마케팅 실무를 배우는 전공입니다,감각적/기획력/소통력
영남융합,대구 동구,탄소융합신소재과,탄소융합신소재직종,신소재계열,하이테크과정,10,주간,탄소 소재의 특성과 융합 응용 기술을 배우는 전공입니다,분석력/탐구심/정밀함
영남융합,대구 동구,바이오메디컬소재과,바이오메디컬소재전공,바이오계열,2년제학위과정,12,주간,바이오와 의료 분야 소재의 개발과 활용 기술을 배우는 전공입니다,탐구심/분석력/꼼꼼함
창원,경남 창원시,기계시스템과,기계시스템전공,기계계열,2년제학위과정,12,야간,기계 시스템의 구조와 운용 원리를 배우는 전공입니다,이해력/분석력/책임감
창원,경남 창원시,기계시스템과,초정밀수치제어가공전공,기계계열,2년제학위과정,12,주간,초정밀 수치제어 기반 가공 기술을 배우는 전공입니다,정밀함/집중력/성실함
창원,경남 창원시,기계시스템과,컴퓨터응용가공전공,기계계열,2년제학위과정,12,주간,컴퓨터 기반 정밀 가공 기술을 배우는 전공입니다,정밀함/집중력/공간감각
창원,경남 창원시,기계시스템과,기계가공직종,기계계열,기능장,2,야간,기계 부품의 제작과 가공 기술을 배우는 전공입니다,손기술/집중력/정확성
창원,경남 창원시,기계시스템과,스마트기계시스템직종,기계계열,전문기술과정,12,주간,스마트 기계 시스템의 운용과 관리 기술을 배우는 전공입니다,분석력/책임감/문제해결
창원,경남 창원시,스마트전기과,신재생하이브리드전공,전기계열,2년제학위과정,12,주간,신재생에너지와 전기 시스템의 융합 기술을 배우는 전공입니다,탐구심/분석력/책임감
창원,경남 창원시,스마트전자과,LED응용전공,전자계열,2년제학위과정,12,주간,LED 기반 전자 응용 기술을 배우는 전공입니다,정밀함/탐구심/집중력
창원,경남 창원시,스마트팩토리과,스마트팩토리시스템전공,자동화계열,2년제학위과정,12,주간,스마트팩토리 시스템의 운영과 제어 기술을 배우는 전공입니다,논리력/분석력/책임감
창원,경남 창원시,스마트융합금형과,IT융합응용성형제작전공,금형계열,2년제학위과정,12,주간,IT 융합 기반 성형 제작 기술을 배우는 전공입니다,공간감각/창의성/정밀함
창원,경남 창원시,스마트융합금형과,스마트금형시스템전공,금형계열,2년제학위과정,12,주간,스마트 금형 시스템의 설계와 운용 기술을 배우는 전공입니다,정밀함/분석력/집중력
창원,경남 창원시,메카트로닉스과,PC&PLC제어전공,자동화계열,2년제학위과정,12,주간,PC와 PLC 기반 제어 기술을 배우는 전공입니다,논리력/집중력/정확성
창원,경남 창원시,메카트로닉스과,로봇시스템전공,자동화계열,2년제학위과정,12,주간,로봇 시스템의 구성과 제어 기술을 배우는 전공입니다,논리력/탐구심/집중력
창원,경남 창원시,메카트로닉스과,메카트로닉스전공,자동화계열,2년제학위과정,12,주간,기계와 전자 제어가 융합된 자동화 기술을 배우는 전공입니다,분석력/논리력/정확성
창원,경남 창원시,메카트로닉스과,스마트팩토리전공,자동화계열,2년제학위과정,12,주간,스마트팩토리 기반 생산 자동화 기술을 배우는 전공입니다,분석력/책임감/문제해결
창원,경남 창원시,산업설비자동화과,특수용접직종,산업설비계열,전문기술과정,12,주간,산업설비 제작에 필요한 특수용접 기술을 배우는 전공입니다,손기술/집중력/정확성
창원,경남 창원시,산업설비자동화과,플랜트설비전공,산업설비계열,2년제학위과정,12,주간,플랜트 설비의 설치와 운영 기술을 배우는 전공입니다,책임감/이해력/성실함
창원,경남 창원시,산업설비자동화과,플랜트용접전공,산업설비계열,2년제학위과정,12,주간,플랜트 제작에 필요한 용접 기술을 배우는 전공입니다,손기술/집중력/정확성
창원,경남 창원시,신소재응용과,신소재융합전공,신소재계열,2년제학위과정,12,주간,신소재의 특성과 융합 응용 기술을 배우는 전공입니다,탐구심/분석력/융합사고
창원,경남 창원시,에너지환경과,에너지환경전공,개별특성화계열,2년제학위과정,12,주간,에너지와 환경 시스템의 운영 기술을 배우는 전공입니다,책임감/탐구심/분석력
창원,경남 창원시,스마트환경시스템과,스마트환경시스템전공,정보없음,2년제학위과정,12,주간,스마트 환경 시스템의 설계와 운영 기술을 배우는 전공입니다,분석력/책임감/문제해결
창원,경남 창원시,이차전지융합신소재과,이차전지융합신소재전공,신소재계열,2년제학위과정,12,주간,이차전지 소재의 특성과 융합 기술을 배우는 전공입니다,탐구심/분석력/정밀함
창원,경남 창원시,자동차과,스마트자동차정비전공,자동차계열,2년제학위과정,12,주간,스마트 자동차의 점검과 정비 기술을 배우는 전공입니다,꼼꼼함/판단력/책임감
창원,경남 창원시,자동차과,전기자동차정비전공,자동차계열,2년제학위과정,12,주간,전기자동차의 점검과 정비 기술을 배우는 전공입니다,꼼꼼함/정확성/책임감
창원,경남 창원시,컴퓨터응용기계설계과,전공,기계설계계열,2년제학위과정,12,야간,컴퓨터 기반 기계설계의 기초와 응용을 배우는 전공입니다,공간감각/분석력/창의성
창원,경남 창원시,컴퓨터응용기계설계과,기계설계전공,기계설계계열,2년제학위과정,12,주간,기계 부품과 장치의 설계 기술을 배우는 전공입니다,공간감각/분석력/정밀함
창원,경남 창원시,컴퓨터응용기계설계과,치공구설계전공,기계설계계열,2년제학위과정,12,주간,치공구의 설계와 제작 기술을 배우는 전공입니다,공간감각/정밀함/창의성
창원,경남 창원시,기계공학과,전공,기계계열,학위전공심화,12,야간,기계공학의 기초 이론과 응용 기술을 배우는 전공입니다,분석력/이해력/탐구심
창원,경남 창원시,기계공학과,기계전공,기계계열,학위전공심화,12,야간,기계 구조와 설계 원리를 배우는 전공입니다,분석력/이해력/정확성
창원,경남 창원시,메카트로닉스공학과,전공,자동화계열,학위전공심화,12,야간,기계와 전자 제어의 융합 원리를 배우는 전공입니다,논리력/분석력/탐구심
창원,경남 창원시,메카트로닉스공학과,메카트로닉스전공,자동화계열,학위전공심화,12,야간,기계와 전자 제어가 융합된 자동화 기술을 배우는 전공입니다,논리력/분석력/정확성
창원,경남 창원시,전기과,신재생하이브리드전공,전기계열,2년제학위과정,12,주간,신재생에너지와 전기 시스템의 융합 기술을 배우는 전공입니다,탐구심/분석력/책임감
창원,경남 창원시,전기과,친환경발전설비직종,전기계열,하이테크과정,12,주간,친환경 발전설비의 운영과 관리 기술을 배우는 전공입니다,책임감/이해력/성실함
창원,경남 창원시,전기공학과,전공,전기계열,학위전공심화,12,야간,전기공학의 기초 이론과 응용 기술을 배우는 전공입니다,논리력/분석력/탐구심
창원,경남 창원시,전기공학과,전기전공,전기계열,학위전공심화,12,야간,전기 시스템의 설계와 운용 기술을 배우는 전공입니다,논리력/정확성/책임감
창원,경남 창원시,금형가공시스템과,스마트금형시스템전공,금형계열,2년제학위과정,12,주간,스마트 금형 시스템의 설계와 운용 기술을 배우는 전공입니다,정밀함/분석력/집중력
창원,경남 창원시,금형가공시스템과,지능형기계운용시스템직종,금형계열,하이테크과정,12,주간,지능형 기계 운용 시스템 기술을 배우는 전공입니다,분석력/집중력/정확성
창원,경남 창원시,금형가공시스템과,사출금형직종,금형계열,일반계고위탁과정,12,주간,사출금형의 설계와 제작 기술을 배우는 전공입니다,공간감각/정밀함/집중력
창원,경남 창원시,AI융합전자과,AI융합전자전공,전자계열,2년제학위과정,12,주간,AI와 전자 기술이 융합된 응용 기술을 배우는 전공입니다,융합사고/논리력/탐구심
창원,경남 창원시,스마트전기자동차과,자동차정비직종,자동차계열,기능장,2,야간,자동차의 점검과 정비 실무를 배우는 전공입니다,꼼꼼함/책임감/판단력
창원,경남 창원시,스마트전기자동차과,스마트자동차정비전공,자동차계열,2년제학위과정,12,주간,스마트 자동차의 점검과 정비 기술을 배우는 전공입니다,꼼꼼함/판단력/책임감
창원,경남 창원시,스마트전기자동차과,전기자동차정비전공,자동차계열,2년제학위과정,12,주간,전기자동차의 점검과 정비 기술을 배우는 전공입니다,꼼꼼함/정확성/책임감
창원,경남 창원시,스마트제조기계설계과,스마트기계설계전공,기계설계계열,2년제학위과정,12,주간,스마트 제조 기반 기계설계 기술을 배우는 전공입니다,공간감각/정밀함/창의성
창원,경남 창원시,스마트제조기계설계과,CAD및3D융합가공직종,기계설계계열,전문기술과정,12,주간,CAD와 3D 기반 융합가공 기술을 배우는 전공입니다,공간감각/정밀함/집중력
창원,경남 창원시,스마트제조기계설계과,스마트CAM및CNC가공직종,기계설계계열,하이테크과정,12,주간,CAM과 CNC 기반 정밀가공 기술을 배우는 전공입니다,정밀함/집중력/공간감각
창원,경남 창원시,물류자동화시스템과,물류자동화설비보전전공,자동화계열,2년제학위과정,12,주간,물류 자동화설비의 점검과 보전 기술을 배우는 전공입니다,꼼꼼함/책임감/문제해결
창원,경남 창원시,물류자동화시스템과,디지털통합물류관리직종,자동화계열,하이테크과정,12,주간,디지털 기반 통합 물류관리 실무를 배우는 전공입니다,체계성/분석력/책임감
창원,경남 창원시,산업안전환경과,산업안전환경전공,개별특성화계열,2년제학위과정,12,주간,산업안전과 환경관리의 실무를 배우는 전공입니다,책임감/판단력/꼼꼼함
창원,경남 창원시,산업안전환경과,저탄소환경기술직종,개별특성화계열,하이테크과정,12,주간,저탄소 환경 기술과 관리 실무를 배우는 전공입니다,분석력/책임감/환경의식
부산,부산 북구,IT융합제어과,제어IT전공,정보통신IT계열,2년제학위과정,12,주간,제어 시스템과 IT 융합 기술을 배우는 전공입니다,논리력/분석력/문제해결
부산,부산 북구,스마트전자과,AI시스템전공,전자계열,2년제학위과정,12,주간,AI 기반 시스템 설계와 운용 기술을 배우는 전공입니다,논리력/탐구심/분석력
부산,부산 북구,스마트전자과,AI전자전공,전자계열,2년제학위과정,12,주간,AI와 전자 기술의 융합 응용을 배우는 전공입니다,융합사고/분석력/집중력
부산,부산 북구,기계과,AI첨단기계시스템직종,기계계열,하이테크과정,12,주간,AI 기반 첨단 기계시스템 운용 기술을 배우는 전공입니다,분석력/정밀함/문제해결
부산,부산 북구,기계과,기계시스템AI융합전공,기계계열,2년제학위과정,12,주간,기계 시스템과 AI 융합 기술을 배우는 전공입니다,융합사고/분석력/탐구심
부산,부산 북구,기계과,첨단가공시스템직종,기계계열,기능장,12,야간,첨단 가공시스템의 운용 기술을 배우는 전공입니다,정밀함/집중력/성실함
부산,부산 북구,금형디자인과,정밀금형제작전공,금형계열,2년제학위과정,12,주간,정밀 금형의 제작 기술을 배우는 전공입니다,공간감각/정밀함/집중력
부산,부산 북구,메카트로닉스과,센서네트워크제어전공,자동화계열,2년제학위과정,12,주간,센서와 네트워크 기반 제어 기술을 배우는 전공입니다,논리력/정확성/집중력
부산,부산 북구,메카트로닉스과,스마트공정제어전공,자동화계열,2년제학위과정,12,주간,스마트 생산공정의 제어 기술을 배우는 전공입니다,분석력/논리력/정확성
부산,부산 북구,자동차과,전기및하이브리드자동차전공,자동차계열,2년제학위과정,12,주간,전기 및 하이브리드 자동차 기술을 배우는 전공입니다,탐구심/책임감/판단력
부산,부산 북구,자동차과,자율형자동차전공,자동차계열,2년제학위과정,12,주간,자율형 자동차의 구조와 운용 기술을 배우는 전공입니다,분석력/탐구심/집중력
부산,부산 북구,전기과,전기직종,전기계열,기능장,12,야간,전기 설비의 설치와 운용 기술을 배우는 전공입니다,책임감/정확성/성실함
부산,부산 북구,전기과,전기계측제어전공,전기계열,2년제학위과정,12,주간,전기 계측과 제어 시스템 기술을 배우는 전공입니다,정확성/논리력/집중력
부산,부산 북구,전기과,조선해양전기전공,전기계열,2년제학위과정,12,주간,조선해양 분야 전기 기술을 배우는 전공입니다,책임감/이해력/성실함
부산,부산 북구,전기과,전기전공,전기계열,2년제학위과정,12,야간,전기 시스템의 기초와 응용 기술을 배우는 전공입니다,논리력/정확성/책임감
부산,부산 북구,기계시스템과,첨단가공시스템,기계계열,2년제학위과정,12,주간,첨단 가공시스템의 운용 기술을 배우는 전공입니다,정밀함/집중력/성실함
부산,부산 북구,자동제어시스템과,스마트자동제어전공,자동화계열,2년제학위과정,12,주간,스마트 자동제어 시스템 기술을 배우는 전공입니다,논리력/분석력/정확성
부산,부산 북구,자동제어시스템과,스마트공정제어전공,자동화계열,2년제학위과정,12,주간,스마트 생산공정의 제어 기술을 배우는 전공입니다,분석력/논리력/정확성
부산,부산 북구,자동제어시스템과,스마트자동화직종,자동화계열,전문기술과정,12,주간,스마트 자동화 설비의 운영 기술을 배우는 전공입니다,분석력/책임감/문제해결
부산,부산 북구,소프트웨어융합과,제어IT전공,정보통신IT계열,2년제학위과정,12,주간,제어 시스템과 IT 융합 기술을 배우는 전공입니다,논리력/분석력/문제해결
부산,부산 북구,소프트웨어융합과,사물인터넷직종,정보통신IT계열,일반계고위탁과정,12,주간,사물인터넷 기반 시스템 구축 기술을 배우는 전공입니다,논리력/창의성/문제해결
부산,부산 북구,소프트웨어융합과,인공지능소프트웨어직종,정보통신IT계열,하이테크과정,12,주간,인공지능 소프트웨어 개발 기술을 배우는 전공입니다,논리력/창의성/문제해결
부산,부산 북구,전기자동차과,저탄소자동차심화정비직종,자동차계열,하이테크과정,12,주간,저탄소 자동차의 심화 정비 기술을 배우는 전공입니다,꼼꼼함/판단력/책임감
부산,부산 북구,전기자동차과,저탄소자동차정비전공,자동차계열,2년제학위과정,12,주간,저탄소 자동차의 점검과 정비 기술을 배우는 전공입니다,꼼꼼함/책임감/정확성
부산,부산 북구,전기자동차과,자동차정비직종,자동차계열,기능장,12,야간,자동차의 점검과 정비 실무를 배우는 전공입니다,꼼꼼함/책임감/판단력
부산,부산 북구,반도체시스템과,반도체장비유지보수전공,반도체계열,2년제학위과정,12,주간,반도체 장비의 유지보수 기술을 배우는 전공입니다,꼼꼼함/책임감/문제해결
부산,부산 북구,반도체시스템과,반도체공정운영전공,반도체계열,2년제학위과정,12,주간,반도체 공정의 운영 기술을 배우는 전공입니다,분석력/집중력/책임감
부산,부산 북구,반도체시스템과,반도체품질관리직종,반도체계열,하이테크과정,12,주간,반도체 품질관리 실무를 배우는 전공입니다,꼼꼼함/분석력/책임감
부산,부산 북구,반도체금형과,반도체금형설계전공,반도체계열,2년제학위과정,12,주간,반도체 금형의 설계 기술을 배우는 전공입니다,공간감각/정밀함/분석력
부산,부산 북구,반도체금형과,반도체금형제작직종,반도체계열,하이테크과정,12,주간,반도체 금형의 제작 기술을 배우는 전공입니다,공간감각/정밀함/집중력
부산,부산 북구,전기공학과,전기전공,전기계열,학위전공심화,12,야간,전기 시스템의 기초와 응용 기술을 배우는 전공입니다,논리력/정확성/책임감
울산,울산 중구,스마트융합제어과,IoT융합네트워크전공,정보통신IT계열,2년제학위과정,12,주간,IoT 기반 융합 네트워크 기술을 배우는 전공입니다,융합사고/논리력/분석력
울산,울산 중구,스마트융합제어과,IoT네트워크직종,정보통신IT계열,전문기술과정,12,주간,IoT 네트워크의 구축과 운영 기술을 배우는 전공입니다,논리력/분석력/책임감
울산,울산 중구,산업설비자동화과,조선해양플랜트설비전공,산업설비계열,2년제학위과정,12,주간,조선해양 플랜트설비의 운용 기술을 배우는 전공입니다,책임감/이해력/성실함
울산,울산 중구,산업설비자동화과,조선해양플랜트용접전공,산업설비계열,2년제학위과정,12,주간,조선해양 플랜트용접 기술을 배우는 전공입니다,손기술/집중력/정확성
울산,울산 중구,신소재화학과,신소재화학전공,신소재계열,2년제학위과정,12,주간,신소재 화학의 기초와 응용 기술을 배우는 전공입니다,탐구심/분석력/꼼꼼함
울산,울산 중구,신소재응용과,신소재융합전공,신소재계열,2년제학위과정,12,주간,신소재의 특성과 융합 응용 기술을 배우는 전공입니다,탐구심/분석력/융합사고
울산,울산 중구,자동화시스템과,스마트제조운영전공,자동화계열,2년제학위과정,12,주간,스마트 제조 운영 실무를 배우는 전공입니다,체계성/분석력/책임감
울산,울산 중구,자동화시스템과,스마트전기자동화전공,자동화계열,2년제학위과정,12,주간,스마트 전기 자동화 기술을 배우는 전공입니다,논리력/분석력/정확성
울산,울산 중구,자동화시스템과,스마트자동화직종,자동화계열,일반계고위탁과정,12,주간,스마트 자동화 설비의 운영 기술을 배우는 전공입니다,분석력/책임감/문제해결
울산,울산 중구,전기과,신재생에너지전공,전기계열,2년제학위과정,12,주간,신재생에너지 설비의 운영 기술을 배우는 전공입니다,탐구심/책임감/이해력
울산,울산 중구,전기과,전기제어전공,전기계열,2년제학위과정,12,주간,전기 제어 시스템 기술을 배우는 전공입니다,논리력/집중력/정확성
울산,울산 중구,컴퓨터응용기계과,초정밀그린카CAM가공전공,기계계열,2년제학위과정,12,주간,초정밀 그린카 CAM 가공 기술을 배우는 전공입니다,정밀함/집중력/공간감각
울산,울산 중구,컴퓨터응용기계과,초정밀그린카부품가공전공,기계계열,2년제학위과정,12,주간,초정밀 그린카 부품가공 기술을 배우는 전공입니다,정밀함/집중력/공간감각
울산,울산 중구,에너지화학공정과,석유화학공정운전직종,산업설비계열,전문기술과정,6,주간,석유화학 공정의 운전 기술을 배우는 전공입니다,책임감/정확성/성실함
울산,울산 중구,에너지화학공정과,석유화학스마트공정제어직종,산업설비계열,전문기술과정,6,주간,석유화학 스마트 공정제어 기술을 배우는 전공입니다,분석력/정확성/집중력
울산,울산 중구,기계과,초정밀그린카CAM가공전공,기계계열,2년제학위과정,12,주간,초정밀 그린카 CAM 가공 기술을 배우는 전공입니다,정밀함/집중력/공간감각
울산,울산 중구,기계과,초정밀그린카부품가공전공,기계계열,2년제학위과정,12,주간,초정밀 그린카 부품가공 기술을 배우는 전공입니다,정밀함/집중력/공간감각
울산,울산 중구,에너지산업설비과,에너지설비전공,산업설비계열,2년제학위과정,12,주간,에너지 설비의 설치와 운용 기술을 배우는 전공입니다,책임감/이해력/성실함
울산,울산 중구,에너지산업설비과,플랜트용접전공,산업설비계열,2년제학위과정,12,주간,플랜트 용접 기술을 배우는 전공입니다,손기술/집중력/정확성
울산,울산 중구,에너지산업설비과,신재생에너지설비용접직종,산업설비계열,신중년특화과정,6,주간,신재생에너지 설비 제작에 필요한 용접 기술을 배우는 전공입니다,손기술/집중력/정확성
울산,울산 중구,스마트제어과,IoT융합네트워크전공,자동화계열,2년제학위과정,12,주간,IoT 기반 융합 네트워크 기술을 배우는 전공입니다,논리력/분석력/책임감
울산,울산 중구,AI산업안전시스템과,AI전기안전직종,개별특성화계열,하이테크과정,12,주간,AI 기반 전기 안전관리 기술을 배우는 전공입니다,책임감/분석력/정확성
울산,울산 중구,AI산업안전시스템과,산업안전시스템전공,개별특성화계열,2년제학위과정,12,주간,산업안전 시스템의 구축과 운영 기술을 배우는 전공입니다,책임감/판단력/꼼꼼함
울산,울산 중구,기계시스템과,미래모빌리티부품개발직종,기계계열,하이테크과정,12,주간,미래모빌리티 부품의 개발 기술을 배우는 전공입니다,창의성/분석력/문제해결
울산,울산 중구,기계시스템과,미래모빌리티부품제작전공,기계계열,2년제학위과정,12,주간,미래모빌리티 부품의 제작 기술을 배우는 전공입니다,정밀함/집중력/성실함
울산,울산 중구,기계시스템과,CAM&3D프린팅직종,기계계열,신중년특화과정,6,주간,CAM과 3D프린팅 기반 제작 기술을 배우는 전공입니다,공간감각/정밀함/창의성
울산,울산 중구,재료화학과,수소에너지재료전공,신소재계열,2년제학위과정,12,주간,수소에너지 소재의 특성과 활용 기술을 배우는 전공입니다,탐구심/분석력/정밀함
울산,울산 중구,재료화학과,수소에너지시스템직종,신소재계열,하이테크과정,12,주간,수소에너지 시스템의 운영 기술을 배우는 전공입니다,탐구심/분석력/책임감
동부산,부산 기장군,산업설비과,특수용접직종,산업설비계열,신중년특화과정,6,주간,산업설비 제작에 필요한 특수용접 기술을 배우는 전공입니다,손기술/집중력/정확성
동부산,부산 기장군,스마트전기과,신재생하이브리드발전시스템직종,전기계열,하이테크과정,12,주간,신재생 하이브리드 발전시스템 기술을 배우는 전공입니다,분석력/책임감/이해력
동부산,부산 기장군,스마트전기과,전기설비안전&소방직종,전기계열,신중년특화과정,6,주간,전기설비 안전관리와 소방 기술을 배우는 전공입니다,책임감/정확성/꼼꼼함
동부산,부산 기장군,승강기안전과,IoT승강기직종,개별특성화계열,전문기술과정,12,주간,IoT 기반 승강기 운용 기술을 배우는 전공입니다,논리력/책임감/문제해결
동부산,부산 기장군,승강기안전과,한국어교육(심화),개별특성화계열,전문기술과정,12,주간,실무 중심의 한국어 활용 능력을 배우는 전공입니다,소통력/이해력/적응력
동부산,부산 기장군,승강기안전과,한국어교육(기초),개별특성화계열,전문기술과정,12,주간,기초 중심의 한국어 활용 능력을 배우는 전공입니다,소통력/성실함/이해력
동부산,부산 기장군,그린에너지설비과,특수용접직종,산업설비계열,전문기술과정,12,주간,그린에너지 설비 제작에 필요한 특수용접 기술을 배우는 전공입니다,손기술/집중력/정확성
동부산,부산 기장군,스마트전기자동차과,자동차전기전자장치정비직종,자동차계열,전문기술과정,12,주간,자동차 전기전자장치의 점검과 정비 기술을 배우는 전공입니다,꼼꼼함/판단력/책임감
동부산,부산 기장군,융합기계과,선반(CNC선반)직종,기계계열,신중년특화과정,6,주간,CNC선반 기반 정밀가공 기술을 배우는 전공입니다,정밀함/집중력/성실함
동부산,부산 기장군,융합기계과,컴퓨터응용기계직종,기계계열,전문기술과정,12,주간,컴퓨터응용기계의 운용과 가공 기술을 배우는 전공입니다,정밀함/집중력/공간감각
진주,경남 진주시,광고디자인과,디지털디자인직종,디자인계열,전문기술과정,12,주간,디지털 기반 시각디자인 기술을 배우는 전공입니다,창의성/감각적/표현력
진주,경남 진주시,스마트전기과,신재생에너지발전설비정비직종,전기계열,하이테크과정,12,주간,신재생에너지 발전설비의 정비 기술을 배우는 전공입니다,꼼꼼함/책임감/문제해결
진주,경남 진주시,자동화시스템과,시스템제어직종,자동화계열,전문기술과정,12,주간,시스템 제어와 자동화 기술을 배우는 전공입니다,논리력/분석력/정확성
진주,경남 진주시,자동화시스템과,AI소프트웨어직종,자동화계열,하이테크과정,12,주간,AI 기반 소프트웨어 개발 기술을 배우는 전공입니다,논리력/창의성/문제해결
진주,경남 진주시,컴퓨터응용기계과,밀링(머시닝센터)직종,항공계열,전문기술과정,12,주간,밀링과 머시닝센터 기반 가공 기술을 배우는 전공입니다,정밀함/집중력/성실함
진주,경남 진주시,산업설비과,특수용접직종,산업설비계열,전문기술과정,12,주간,산업설비 제작에 필요한 특수용접 기술을 배우는 전공입니다,손기술/집중력/정확성
진주,경남 진주시,ICT산업설비과,특수용접직종,산업설비계열,전문기술과정,12,주간,ICT 기반 산업설비 용접 기술을 배우는 전공입니다,손기술/집중력/정확성
진주,경남 진주시,에너지산업설비과,특수용접직종,산업설비계열,전문기술과정,12,주간,에너지산업설비 제작에 필요한 특수용접 기술을 배우는 전공입니다,손기술/집중력/정확성
석유화학,울산 남구,석유화학공정과,석유화학전기직종,개별특성화계열,전문기술과정,10,주간,석유화학 설비의 전기 기술을 배우는 전공입니다,책임감/이해력/성실함
석유화학,울산 남구,석유화학공정과,석유화학기계직종,개별특성화계열,전문기술과정,10,주간,석유화학 설비의 기계 기술을 배우는 전공입니다,책임감/이해력/성실함
석유화학,울산 남구,석유화학공정과,석유화학화공직종,개별특성화계열,하이테크과정,12,주간,석유화학 공정의 화공 기술을 배우는 전공입니다,탐구심/분석력/꼼꼼함
석유화학,울산 남구,에너지화학공정과,석유화학공정운전직종,개별특성화계열,전문기술과정,6,주간,석유화학 공정의 운전 기술을 배우는 전공입니다,책임감/정확성/성실함
석유화학,울산 남구,에너지화학공정과,석유화학스마트공정제어직종,개별특성화계열,전문기술과정,6,주간,석유화학 스마트 공정제어 기술을 배우는 전공입니다,분석력/논리력/정확성
석유화학,울산 남구,화학공정운전과,석유화학공정운전직종,산업설비계열,하이테크과정,12,주간,석유화학 공정의 운전 기술을 배우는 전공입니다,책임감/정확성/성실함
석유화학,울산 남구,화학공정운전과,석유화학공정안전직종,산업설비계열,하이테크과정,12,주간,석유화학 공정의 안전관리 기술을 배우는 전공입니다,책임감/판단력/꼼꼼함
석유화학,울산 남구,화학공정운전과,석유화학공정운용직종,산업설비계열,하이테크과정,12,주간,석유화학 공정의 운용 기술을 배우는 전공입니다,책임감/이해력/성실함
바이오,충남 논산시,바이오나노소재과,바이오나노소재전공,바이오계열,2년제학위과정,12,주간,바이오와 나노 소재의 특성과 응용 기술을 배우는 전공입니다,탐구심/분석력/융합사고
바이오,충남 논산시,바이오배양공정과,바이오배양공정전공,바이오계열,2년제학위과정,12,주간,바이오 배양공정의 운영 기술을 배우는 전공입니다,꼼꼼함/책임감/정확성
바이오,충남 논산시,바이오배양공정과,바이오생산공정전공,바이오계열,2년제학위과정,12,주간,바이오 생산공정의 운영 기술을 배우는 전공입니다,꼼꼼함/책임감/정확성
바이오,충남 논산시,바이오생명정보과,바이오생명정보전공,바이오계열,2년제학위과정,12,주간,바이오 생명정보의 분석과 활용 기술을 배우는 전공입니다,분석력/탐구심/논리력
바이오,충남 논산시,바이오식품분석과,바이오식품분석전공,바이오계열,2년제학위과정,12,주간,바이오 식품의 분석 기술을 배우는 전공입니다,꼼꼼함/분석력/정확성
바이오,충남 논산시,바이오품질관리과,바이오공정관리전공,바이오계열,2년제학위과정,12,주간,바이오 공정의 관리 기술을 배우는 전공입니다,꼼꼼함/책임감/분석력
바이오,충남 논산시,바이오의약분석과,바이오의약분석전공,바이오계열,2년제학위과정,12,주간,바이오의약품 분석 기술을 배우는 전공입니다,꼼꼼함/분석력/정확성
항공,경남 사천시,항공기계과,항공그린수송시스템설계전공,항공계열,2년제학위과정,12,주간,항공 그린수송 시스템의 설계 기술을 배우는 전공입니다,공간감각/분석력/창의성
항공,경남 사천시,항공기계과,항공그린수송시스템제작전공,항공계열,2년제학위과정,12,주간,항공 그린수송 시스템의 제작 기술을 배우는 전공입니다,정밀함/집중력/성실함
항공,경남 사천시,항공메카트로닉스과,플랜트자동화설비전공,항공계열,2년제학위과정,12,주간,플랜트 자동화설비의 운영 기술을 배우는 전공입니다,분석력/책임감/문제해결
항공,경남 사천시,항공메카트로닉스과,항공부품제조설비전공,항공계열,2년제학위과정,12,주간,항공부품 제조설비의 운영 기술을 배우는 전공입니다,정밀함/책임감/문제해결
항공,경남 사천시,항공정비과,항공정비전공,항공계열,2년제학위과정,12,주간,항공기 점검과 정비 기술을 배우는 전공입니다,꼼꼼함/책임감/판단력
항공,경남 사천시,항공전기전자정비과,항공전기정비전공,항공계열,2년제학위과정,12,주간,항공 전기 시스템 정비 기술을 배우는 전공입니다,정밀함/책임감/문제해결
항공,경남 사천시,항공전기전자정비과,항공전자정비전공,항공계열,2년제학위과정,12,주간,항공 전자 시스템 정비 기술을 배우는 전공입니다,정밀함/책임감/문제해결
항공,경남 사천시,항공모빌리티과,PLM기반항공SW융합설계직종,항공계열,하이테크과정,12,주간,PLM 기반 항공SW 융합설계 기술을 배우는 전공입니다,융합사고/분석력/창의성
항공,경남 사천시,항공모빌리티과,항공융합AI기반설계해석전공,항공계열,2년제학위과정,12,주간,항공과 AI가 융합된 설계와 해석 기술을 배우는 전공입니다,융합사고/분석력/창의성
항공,경남 사천시,항공모빌리티과,한국어교육,항공계열,전문기술과정,12,주간,실생활과 전공 연계 중심의 한국어 활용 능력을 배우는 전공입니다,소통력/이해력/적응력
항공,경남 사천시,항공모빌리티정비과,항공모빌리티제작정비전공,항공계열,2년제학위과정,12,주간,항공모빌리티의 제작과 정비 기술을 배우는 전공입니다,정밀함/책임감/문제해결
반도체,경기 안성시,반도체설계과,Artwork설계전공,반도체계열,2년제학위과정,12,주간,반도체 패턴 구현을 위한 아트워크 설계 기술을 배우는 전공입니다,정밀함/공간감각/집중력
반도체,경기 안성시,반도체설계과,레이아웃설계전공,반도체계열,2년제학위과정,12,주간,반도체 회로의 레이아웃 설계 기술을 배우는 전공입니다,정밀함/공간감각/분석력
반도체,경기 안성시,반도체장비설계과,기구설계전공,반도체계열,2년제학위과정,12,주간,반도체 장비의 기구 설계 기술을 배우는 전공입니다,공간감각/정밀함/창의성
반도체,경기 안성시,반도체장비설계과,반도체장비설계전공,반도체계열,2년제학위과정,12,주간,반도체 장비의 구조와 설계 기술을 배우는 전공입니다,분석력/정밀함/이해력
반도체,경기 안성시,반도체융합SW과,응용SW전공,정보통신IT계열,2년제학위과정,12,주간,응용 소프트웨어의 설계와 개발 기술을 배우는 전공입니다,논리력/창의성/문제해결
반도체,경기 안성시,반도체융합SW과,반도체장비SW전공,정보통신IT계열,2년제학위과정,12,주간,반도체 장비용 소프트웨어 기술을 배우는 전공입니다,논리력/분석력/정확성
반도체,경기 안성시,반도체전기시스템과,전장제어전공,반도체계열,2년제학위과정,12,주간,반도체 전장 시스템의 제어 기술을 배우는 전공입니다,논리력/정확성/집중력
반도체,경기 안성시,반도체전기시스템과,전장설계전공,반도체계열,2년제학위과정,12,주간,반도체 전장 시스템의 설계 기술을 배우는 전공입니다,공간감각/분석력/정밀함
반도체,경기 안성시,반도체공정장비과,공정장비운영전공,반도체계열,2년제학위과정,12,주간,반도체 공정장비의 운영 기술을 배우는 전공입니다,책임감/정확성/성실함
반도체,경기 안성시,반도체공정장비과,공정장비유지관리전공,반도체계열,2년제학위과정,12,주간,반도체 공정장비의 유지관리 기술을 배우는 전공입니다,꼼꼼함/책임감/문제해결
반도체,경기 안성시,영상그래픽과,영상그래픽전공,디자인계열,2년제학위과정,12,주간,영상 제작과 그래픽 표현 기술을 배우는 전공입니다,창의성/감각적/표현력
반도체,경기 안성시,나노측정과,정밀측정전공,반도체계열,2년제학위과정,12,주간,정밀 측정과 계측 기술을 배우는 전공입니다,정밀함/집중력/꼼꼼함
반도체,경기 안성시,나노측정과,품질측정전공,반도체계열,2년제학위과정,12,주간,품질 측정과 분석 기술을 배우는 전공입니다,꼼꼼함/분석력/정확성
반도체,경기 안성시,반도체테스트과,반도체후공정전공,반도체계열,2년제학위과정,12,주간,반도체 후공정의 운영 기술을 배우는 전공입니다,꼼꼼함/책임감/집중력
반도체,경기 안성시,반도체테스트과,후공정장비테스트모듈설계직종,반도체계열,하이테크과정,12,주간,후공정 장비의 테스트 모듈 설계 기술을 배우는 전공입니다,정밀함/분석력/집중력
반도체,경기 안성시,반도체장비개발과,반도체장비개발전공,반도체계열,2년제학위과정,12,주간,반도체 장비의 개발 기술을 배우는 전공입니다,분석력/창의성/문제해결
반도체,경기 안성시,반도체장비개발과,반도체장비품질보증직종,반도체계열,하이테크과정,12,주간,반도체 장비의 품질보증 기술을 배우는 전공입니다,꼼꼼함/책임감/분석력
반도체,경기 안성시,반도체장비소프트웨어과,제어소프트웨어전공,반도체계열,2년제학위과정,12,주간,장비 제어를 위한 소프트웨어 기술을 배우는 전공입니다,논리력/분석력/문제해결
반도체,경기 안성시,반도체장비소프트웨어과,장비데이터분석직종,반도체계열,하이테크과정,12,주간,장비 데이터의 수집과 분석 기술을 배우는 전공입니다,분석력/정확성/논리력
반도체,경기 안성시,반도체전기과,반도체전장설계전공,반도체계열,2년제학위과정,12,주간,반도체 전장 설계 기술을 배우는 전공입니다,공간감각/정밀함/분석력
반도체,경기 안성시,반도체전기과,전기시스템제어직종,반도체계열,전문기술과정,12,주간,전기 시스템의 제어와 자동화 기술을 배우는 전공입니다,논리력/집중력/책임감
반도체,경기 안성시,반도체측정과,반도체품질측정전공,반도체계열,2년제학위과정,12,주간,반도체 품질 측정 기술을 배우는 전공입니다,꼼꼼함/정밀함/분석력
반도체,경기 안성시,반도체측정과,반도체정밀측정직종,반도체계열,전문기술과정,12,주간,반도체 정밀 측정 기술을 배우는 전공입니다,정밀함/집중력/정확성
반도체,경기 안성시,장비제어SW과,장비제어SW직종,정보통신IT계열,하이테크과정,12,주간,장비 제어 소프트웨어 기술을 배우는 전공입니다,논리력/분석력/정확성
로봇,경북 영천군,로봇기계과,로봇기계전공,기계계열,2년제학위과정,12,주간,로봇 기계 시스템의 구조와 운용 기술을 배우는 전공입니다,분석력/정밀함/책임감
로봇,경북 영천군,로봇자동화과,로봇자동화전공,로봇계열,2년제학위과정,12,주간,로봇 자동화 시스템의 제어와 운용 기술을 배우는 전공입니다,논리력/분석력/문제해결
로봇,경북 영천군,로봇IT과,로봇IT전공,로봇계열,2년제학위과정,12,주간,로봇과 IT 융합 기술을 배우는 전공입니다,융합사고/논리력/탐구심
로봇,경북 영천군,로봇전자과,로봇전자전공,로봇계열,2년제학위과정,12,주간,로봇 전자 시스템의 구성과 제어 기술을 배우는 전공입니다,논리력/정확성/집중력
